cre,gen,age,mar,hou,work,job,ind,sal,lb,aolu,tlr,ca,cl,pd,lu
bad,2,47.04,2,1,1,2,3,8000,119623,3,23.39,140000,5000,3,1
bad,2,45.03,2,2,5,2,3,50000,1694795,163478,43.02,500000,153000,16,1
good,2,39.03,2,2,5,1,3,200000,727297,156554,39.98,500000,354521,0,1
good,1,48.04,2,2,2,1,3,5000,306018,112066,41.65,100000,137900,1,1
good,2,35.03,1,1,5,2,3,35000,0,0,47.1,266000,0,1,1
good,2,38.03,2,3,2,2,3,30000,104465,341090,66.88,300000,450501,3,2
good,1,41.03,1,3,1,2,5,50000,1830551,221754,41.55,420000,509000,0,1
good,1,33.02,2,2,5,2,2,30000,1454747,10483,29.05,360000,187000,0,1
good,2,43.03,2,2,5,1,2,20000,345458,51523,23.19,200000,188000,0,1
good,2,39.03,2,2,1,2,3,25000,0,0,74.97,95000,0,4,1
good,1,47.04,2,2,1,2,3,15000,206013,15388,22.38,130000,69000,1,1
good,1,29.02,2,2,4,1,3,15000,59945,49742,40.74,180000,101501,1,1
good,2,43.03,2,3,5,2,3,100000,2326367,119554,71.54,200000,187000,0,1
good,2,38.03,2,2,5,2,5,50000,604465,13152,66.72,300000,281063,6,2
good,2,54.04,2,2,5,2,3,100000,634016,331003,28.99,500000,455000,10,1
good,1,27.02,2,2,5,2,3,50000,4453538,435521,12.93,500000,967553,0,1
good,1,29.02,2,2,3,1,5,15000,33303,10767,63.44,100000,30000,1,1
good,2,56.04,2,2,1,2,3,35000,290076,71756,58.76,160000,100500,3,1
good,2,27.02,2,2,2,2,3,10000,1357994,212244,40.3,300000,309100,7,1
good,2,41.03,2,2,1,2,2,50000,87656,96780,27.94,130000,126771,1,2
good,1,38.03,2,3,5,2,3,50000,59880,53067,53.09,160000,53000,13,2
good,1,47.04,2,2,5,2,3,30000,1002523,284077,52.12,180000,759813,0,1
bad,2,29.03,2,2,5,2,5,50000,2480087,60031,59.03,340000,110001,12,1
bad,1,37.04,1,2,1,2,3,20000,95870,210008,56.18,200000,267500,15,2
good,1,38.04,1,2,3,1,3,10000,228040,63125,18.91,450000,153555,0,1
bad,2,35.04,2,1,2,2,5,60000,1910148,589788,59.34,250000,702750,1,1
good,2,38.05,2,2,5,2,2,60000,436116,64853,60.54,100000,65000,1,1
good,2,44.05,2,2,1,2,2,30000,339287,25044,31.39,400000,100000,0,2
good,2,37.04,2,2,3,1,3,11000,144860,2125,13.66,100000,20000,8,1
good,2,37.04,2,2,1,2,5,55000,2486358,403646,74.76,248000,1644350,3,1
bad,1,32.04,2,2,1,2,2,30000,1163937,116761,53.26,250000,152268,3,1
bad,2,43.05,2,3,1,2,3,60000,365723,242572,14.1,270000,417111,2,1
good,2,48.05,2,2,1,2,3,60000,2315896,131501,9.86,500000,213000,0,1
good,2,46.05,1,2,5,1,3,8000,586917,58185,35.66,150000,64001,0,1
good,2,28.04,2,2,2,2,5,50000,888688,392230,70.74,300000,503196,2,1
good,2,45.05,2,2,5,1,5,30000,859431,67955,37.5,300000,107900,19,1
good,2,33.04,2,2,1,2,3,20000,87959,32514,38.34,100000,48790,6,2
good,2,32.04,2,3,5,2,5,12000,697556,87850,47.5,100000,196001,1,1
good,2,28.04,2,1,5,1,3,6000,48313,120432,63.66,130000,145534,0,2
good,2,43.05,2,2,1,2,3,75000,369793,144615,25.85,500000,246000,0,1
good,2,54.06,2,2,1,2,2,50000,523974,21511,21.26,150000,22000,19,1
good,1,31.05,2,3,5,1,2,12000,331589,72037,24.81,85000,286126,3,1
bad,1,30.05,2,2,5,2,2,30000,469975,0,13.89,500000,0,1,2
bad,1,39.06,2,2,1,2,3,50000,1671313,251309,38.06,360000,248000,1,1
good,2,47.06,2,2,1,2,2,50000,443636,244330,29.98,400000,671830,4,2
good,1,43.06,1,1,5,2,5,20000,1218985,274676,45.91,300000,403010,5,1
good,1,43.06,2,1,5,2,2,10000,382674,132258,33.19,80000,235000,3,1
good,1,29.05,2,3,1,2,3,50000,667872,39896,19.74,200000,89000,14,1
good,2,43.06,2,2,5,2,1,50000,269697,206262,74.47,400000,238333,6,2
good,1,38.06,1,2,5,2,5,7800,172357,354548,64.1,420000,500003,5,2
good,1,31.05,2,3,5,1,5,6000,617942,51608,15.86,150000,53000,0,1
good,2,38.06,1,2,5,2,3,20000,267274,181188,32.03,100000,189000,0,1
good,1,30.05,2,2,2,2,5,15000,632960,158118,45.65,160000,307898,5,1
bad,2,52.07,2,2,5,1,2,12000,55398,21908,10.05,120000,23000,16,1
bad,2,44.06,2,2,1,2,5,50000,41037,145986,48.58,100000,219000,13,2
good,1,37.06,2,2,3,1,5,5000,375014,45521,30.28,100000,55000,0,1
good,1,37.06,2,3,5,1,2,74911,933641,193567,21.42,210000,279000,1,1
bad,2,32.06,2,2,4,2,4,50000,571330,186742,15.28,500000,136000,6,1
bad,2,37.06,2,2,1,2,3,30000,98105,88057,74.89,154000,31000,3,2
bad,2,46.07,2,2,3,1,4,35000,1911131,2810,16.58,500000,14000,17,1
good,2,31.06,1,2,5,2,2,7000,205167,96157,57.15,100000,90000,15,1
good,2,51.07,2,2,1,2,2,150000,2275530,51464,18.48,500000,56000,0,2
good,1,47.07,2,2,4,2,2,35000,741037,57144,56.89,100000,84000,0,2
bad,2,50.08,2,2,5,2,2,30000,192876,0,67.02,470000,385120,21,2
good,2,43.08,2,2,1,2,3,100000,164150,253737,48.2,400000,332001,1,2
good,1,44.08,2,2,5,2,2,12000,0,0,14.45,200000,0,1,2
good,1,41.07,2,2,1,2,5,1000,55290,0,44.56,100000,10000,0,1
good,1,51.08,1,2,5,2,3,30000,968547,250405,40.89,300000,436400,12,1
good,1,42.08,2,2,5,2,3,7000,53142,0,37.68,140000,5000,3,2
good,2,45.08,2,2,5,2,3,80000,688699,247711,74.1,500000,267001,5,2
good,2,37.08,2,3,5,2,3,50000,971749,391734,50.6,500000,479500,5,1
bad,2,44.13,2,2,1,2,3,100000,560058,50960,69.27,460000,100000,4,2
bad,2,50.14,2,3,5,2,5,12000,180778,0,23.46,230000,30000,8,1
bad,2,32.12,2,2,1,2,3,50000,610181,592,46.18,160000,223060,16,1
bad,1,32.12,2,2,5,2,2,50000,1270559,288005,56.51,300000,674000,4,1
good,2,51.14,2,1,1,2,3,50000,0,0,40.36,400000,0,3,1
good,2,50.14,2,2,1,2,3,30000,85308,84308,54.33,80000,76000,10,2
good,2,41.13,2,2,6,2,3,100000,0,0,58.78,500000,0,0,2
good,1,42.13,2,2,1,2,3,50000,301783,257740,27.45,500000,327300,3,1
good,2,47.13,2,2,5,2,2,60000,839793,49224,67.02,500000,560000,12,2
good,2,27.12,2,2,5,1,5,10000,59462,0,24.48,160000,196400,7,2
good,2,44.13,2,3,1,2,5,40000,1444326,12435,22.45,180000,75000,0,1
good,1,25.12,1,2,4,1,3,15000,0,0,43.31,300000,0,0,2
good,2,47.14,2,2,5,1,3,15000,247243,102347,20.03,300000,100000,0,2
good,2,49.14,2,2,1,2,4,50000,563876,344452,70.87,300000,441000,3,2
good,2,31.13,2,1,1,2,3,50000,570999,34344,26.79,200000,133000,0,1
good,1,37.13,2,2,1,1,2,20000,515629,120544,23.52,170000,111800,0,1
good,2,54.14,2,1,5,2,2,50000,3292619,169115,74.99,244000,544722,0,2
good,2,48.14,2,2,2,2,5,10000,0,0,70.72,198000,0,7,2
good,2,49.14,2,2,5,2,5,50000,393876,377846,48.14,300000,418001,0,2
good,2,26.13,1,1,5,1,3,60000,0,0,24.65,300000,0,1,1
good,2,45.15,2,1,1,2,2,50000,519991,17017,59.39,164000,86000,0,1
bad,2,26.14,1,2,5,1,5,15000,279322,269075,51.65,300000,205001,2,2
bad,2,27.14,2,2,5,1,2,5000,54456,18831,61.08,80000,119425,9,2
good,1,45.15,2,2,5,2,2,50000,263456,377602,74.17,500000,700000,0,1
good,2,46.15,2,2,5,1,3,20000,625767,152494,12.7,100000,153500,2,1
good,1,42.15,2,2,5,1,3,8000,41182,57606,64.55,90000,54000,0,2
bad,2,34.15,2,3,2,2,2,150000,1324367,444046,38.73,480000,453612,14,1
bad,1,43.16,2,1,1,2,3,50000,27179,52922,35.29,270000,55000,15,2
bad,1,45.16,2,2,5,2,5,500000,235123,163492,36.79,500000,218000,8,2
good,2,32.15,2,3,1,2,2,50000,442725,163029,52.98,160000,212000,2,1
good,1,36.16,2,1,5,2,2,50000,422250,284687,31.02,500000,287000,3,2
good,1,36.16,1,3,2,1,2,7000,940535,66243,55.28,180000,356162,0,1
good,2,43.16,2,1,2,2,2,10000,1970142,195892,74.08,500000,475988,1,1
good,1,39.16,2,2,1,2,2,50000,165442,88408,54.9,150000,103600,0,2
good,2,40.16,2,2,5,1,2,15000,495564,147125,50.97,200000,362000,1,1
good,1,44.16,2,2,3,1,4,10000,674321,68991,25.69,300000,108950,0,1
bad,2,40.16,2,2,5,2,2,40000,361504,13193,21.59,199000,12000,6,1
good,2,36.16,2,3,5,1,2,12000,437037,86677,52.89,140000,118667,0,1
good,1,53.17,2,1,1,2,5,20000,123112,59214,25.73,300000,408300,1,2
good,1,26.16,2,3,1,2,2,50000,545039,96639,10.79,100000,109500,1,1
good,2,43.17,2,1,5,2,2,100000,1182687,296795,27,500000,350000,5,1
bad,1,38.17,2,2,2,2,3,100000,341967,190159,34.5,500000,254817,5,2
bad,1,40.17,2,3,2,2,5,69200,188599,374450,62.08,300000,450947,5,1
good,1,33.16,1,2,1,2,3,35000,1267593,555932,74.99,96000,714500,0,1
good,2,34.16,2,3,5,1,3,15000,40215,42378,25.81,100000,57000,8,1
good,2,29.16,1,2,4,1,3,11000,880943,178801,53.72,160000,245601,0,1
good,2,44.17,2,2,5,1,3,12000,175846,45861,45.59,140000,125400,3,2
good,1,54.18,2,2,5,2,2,15000,92524,0,29.18,210000,62000,3,2
good,2,41.18,2,3,1,2,3,50000,1097444,216426,48.3,287000,481500,0,1
good,2,27.17,1,1,2,2,3,20000,853543,242946,13.3,250000,292300,2,1
good,1,37.17,2,2,5,2,2,300000,3108033,67244,12.57,500000,80000,1,1
good,2,31.17,2,2,5,1,3,10000,40215,202034,30.44,100000,413200,1,1
good,2,34.17,2,2,5,2,3,12000,83042,181004,74.08,80000,175000,6,2
bad,1,32.17,2,3,5,2,2,80000,233682,0,28.76,370000,1,1,2
bad,1,37.18,1,2,2,2,3,150000,272905,122468,24.43,358000,51501,2,1
bad,1,37.18,2,2,1,2,2,50000,0,0,31.27,200000,0,3,2
good,1,32.18,2,2,5,1,3,11000,110257,25037,35.11,150000,47000,0,1
good,2,43.18,2,2,1,2,5,58,82075,0,29.22,200000,40000,0,2
good,1,28.17,2,2,1,1,3,50000,0,0,33.65,200000,0,0,1
bad,1,41.18,2,2,5,2,3,15000,746835,65339,42.43,180000,166000,1,1
bad,2,42.19,2,2,1,2,3,60000,1719012,375916,50.18,500000,310200,1,1
good,2,34.18,2,3,2,1,2,15000,739166,191079,52.57,125000,185757,6,1
good,1,42.19,2,2,1,2,3,20000,47932,213382,74.92,109000,345000,9,2
good,2,31.18,2,2,5,1,2,20000,72386,177543,65.27,180000,322847,1,2
good,2,46.19,2,2,1,1,2,6000,53083,21394,20.97,132000,48000,2,1
good,2,47.19,2,2,1,2,2,35000,856978,80150,52.15,140000,156000,3,2
good,1,36.18,2,2,5,2,3,100000,798834,66729,30.29,440000,102010,0,2
bad,2,35.19,2,2,1,2,3,150000,1170942,174034,40.3,380000,610310,10,1
good,2,47.2,2,3,5,2,2,60000,515641,49841,74.94,270000,346840,0,1
good,1,50.21,2,2,1,2,2,40000,315566,422265,54.48,300000,870990,0,1
good,1,41.2,2,1,2,2,3,20000,223112,423403,45.32,300000,721010,0,2
good,2,44.2,2,2,5,2,1,12000,0,0,53.17,250000,0,1,2
good,2,34.2,2,3,5,2,3,30000,276454,289209,22.62,500000,500000,0,1
good,2,51.21,2,2,5,2,2,80000,0,0,53.01,475000,0,1,1
bad,2,45.21,1,2,5,2,3,15000,242772,6359,20.98,300000,242400,1,2
good,1,47.21,2,2,4,1,4,4500,821030,152754,30.08,300000,361000,0,1
good,2,49.21,2,1,2,2,3,80000,1097863,251927,55.77,190000,653012,0,1
good,1,31.2,1,2,3,1,3,7000,761346,55335,16.94,120000,92000,6,1
good,2,45.21,2,2,1,2,3,50000,416567,90976,16.66,280000,150002,0,1
good,1,34.2,2,2,1,2,2,150000,1246670,149845,44.16,300000,145435,11,1
good,2,37.2,2,2,4,1,4,15000,711319,99072,70.96,94000,310000,0,1
good,2,55.22,2,2,3,2,4,15000,3947719,8725,36.07,236000,427290,0,1
good,1,50.21,2,2,1,2,3,20000,1578377,320105,46.58,150000,342001,1,1
bad,1,32.21,2,3,1,2,2,60000,178934,61773,37,180000,71000,2,1
good,2,33.21,2,2,4,1,5,20000,383045,43833,20.73,196000,120000,0,1
good,2,28.21,1,1,2,1,3,11000,46607,1998,20.59,110000,130889,0,1
good,1,34.21,2,2,5,2,2,60000,2667768,262589,23.55,500000,261000,11,1
good,1,35.21,2,2,1,2,3,20000,310080,272714,74.8,80000,380167,1,1
good,1,29.21,2,2,4,1,3,15000,1584858,19059,36.21,295000,303000,0,1
good,2,27.21,1,1,2,2,2,30000,1268744,51590,21.97,470000,198000,0,1
good,2,32.21,2,2,2,2,3,100000,189454,236656,52.88,430000,243788,0,2
good,2,26.21,1,2,5,1,3,15000,496831,112227,21.72,120000,180738,10,1
good,2,40.22,2,2,5,2,2,100000,1865262,166994,23.37,500000,235406,4,2
good,1,35.22,2,1,5,2,3,10000,803896,252166,54.24,228000,322500,2,2
bad,1,35.22,1,2,5,1,2,20000,0,0,27.63,200000,0,1,1
good,1,27.21,2,2,5,2,3,8000,110148,12825,74.21,250000,155150,1,2
good,1,46.23,1,2,5,2,2,20000,1078336,290869,39.33,500000,354583,0,2
bad,2,45.23,2,1,2,2,2,20000,2453195,116597,72.81,200000,120388,6,2
bad,1,27.22,1,2,1,2,3,30000,228690,199587,65.41,300000,117000,5,2
good,1,34.22,2,3,1,2,3,50000,689656,48714,21.13,250000,50000,18,1
good,2,54.24,2,2,1,2,2,50000,942322,63055,37.41,90000,87190,9,4
good,2,47.24,2,2,5,2,5,100000,399001,102325,73.91,500000,861000,3,2
bad,1,38.24,2,2,5,1,3,80000,364515,0,29.32,500000,2000,7,2
bad,1,46.24,2,2,5,2,2,100000,834499,624348,43.6,370000,654000,4,1
bad,1,47.24,2,2,5,2,2,30000,261638,28449,34.7,380000,55000,7,2
good,1,39.24,1,3,1,1,3,7000,494010,146607,19.7,130000,144000,0,1
good,2,41.24,2,1,5,2,3,150000,1335123,472753,43.41,500000,481000,6,1
good,1,27.23,1,2,5,2,3,30000,198268,95537,23.09,185000,1124600,0,1
good,2,35.24,2,2,5,1,2,30000,993189,52306,26.57,280000,49600,6,1
good,2,37.24,2,2,1,2,3,300000,1042201,82338,22.13,200000,86000,10,1
bad,2,37.25,1,2,5,1,1,23000,97895,138210,24.69,500000,160000,9,2
good,1,32.25,2,1,1,2,3,20000,552676,100304,16.28,140000,117000,3,1
good,2,50.26,2,2,1,2,2,37000,0,0,74.94,249000,0,0,2
good,2,35.25,2,2,1,2,2,20000,246017,108363,18.61,500000,698254,4,2
bad,2,42.26,1,2,5,1,3,250000,164736,0,13.34,250000,65000,7,1
bad,2,42.26,2,2,1,1,2,6000,377513,191957,61.8,140000,123000,1,1
good,1,45.26,2,1,2,1,3,6000,630006,287980,23.62,360000,392333,0,1
good,1,33.25,2,2,5,2,2,50000,1946319,284657,58.87,500000,411500,0,1
good,2,51.26,2,2,1,2,1,55000,224013,108992,24.69,190000,180750,0,1
good,1,28.25,1,1,5,1,2,40000,816074,435651,17.1,500000,641251,5,1
bad,1,48.26,2,2,5,2,2,25000,879031,35168,22.67,260000,77500,7,1
good,2,30.25,1,3,3,1,2,12000,510156,59971,22.52,130000,105000,0,1
good,2,52.27,2,2,5,2,2,50000,1919555,482707,68.58,500000,1452500,2,2
good,1,27.25,1,2,5,2,3,10000,2769762,198109,22.99,340000,442000,0,1
good,2,26.25,2,3,5,2,3,30000,1594931,1260747,58.99,269000,1550200,2,1
good,2,43.26,2,2,5,2,3,100000,176236,197918,31.75,400000,698000,0,2
good,1,33.25,2,2,4,1,3,20000,1961793,38814,18,500000,303000,0,1
good,2,53.27,2,2,5,2,2,150000,0,0,57.41,330000,0,0,1
bad,2,39.26,1,2,5,1,2,25000,195634,7426,38.17,249000,40000,3,2
bad,2,27.25,1,1,5,1,2,40000,1133193,152473,33.96,370000,171962,13,1
good,2,25.25,1,2,5,1,3,8000,2244436,12471,19.28,500000,114767,0,1
good,2,46.27,2,2,5,2,3,30000,409876,181990,42.5,200000,282794,3,1
good,2,38.26,2,2,5,2,2,100000,4571723,188324,49.46,500000,190800,0,1
good,2,34.26,2,2,1,2,3,10000,66089,91057,73.29,150000,234140,8,2
good,1,31.25,1,3,1,1,2,13000,0,0,32.74,240000,0,0,1
good,2,40.26,2,2,1,1,2,1000000,691107,123443,74.92,97000,406300,0,2
bad,2,30.26,2,2,1,2,3,15000,154152,3439,33.91,164000,30000,1,1
bad,1,46.27,2,2,1,2,3,40000,793590,95846,33.3,323000,95000,16,2
bad,2,35.26,2,2,1,2,3,150000,1197045,100511,41.76,300000,73008,3,1
good,2,40.26,2,2,2,2,2,40000,92083,73434,56.76,209000,186550,1,2
good,1,49.27,2,2,5,2,5,16000,114554,49621,30.26,260000,172619,0,2
good,2,26.25,2,2,3,2,3,25000,414676,136270,14.2,500000,207421,0,1
bad,2,38.27,2,2,2,1,5,7000,139990,0,18.59,170000,0,5,1
good,2,41.27,1,2,3,1,3,16000,304036,285129,9.26,500000,1727300,6,2
bad,2,54.28,1,2,1,1,3,25617,1903715,17918,15.38,200000,13392,5,1
bad,2,37.27,2,1,1,2,3,150000,1194004,422300,32.5,370000,1159559,0,1
good,1,26.27,2,1,5,1,3,8000,47601,0,35.49,100000,0,6,1
good,1,32.27,2,2,5,1,2,15000,1119719,163813,49.7,260000,211000,9,1
bad,1,44.28,2,3,2,2,4,34000,195329,287876,50.71,370000,391678,2,1
good,1,38.28,2,3,5,2,2,15000,132177,75839,22.43,300000,104900,16,2
good,2,44.28,2,2,5,2,2,80000,3935931,180615,6.36,500000,758012,0,1
good,1,27.27,1,2,1,2,3,50000,176236,99438,58.93,400000,627525,0,2
good,2,38.28,2,3,5,2,2,20000,321120,29805,21.4,100000,98500,0,1
good,1,51.29,2,1,5,2,3,20000,2280132,258401,70.44,200000,867750,0,1
good,2,39.28,1,3,4,1,4,10000,40252,2184,13.35,95000,180100,0,1
good,2,46.29,2,3,5,2,3,50000,866823,450374,74.31,150000,816958,0,1
good,2,49.29,2,2,5,2,2,25000,232177,64900,33.67,300000,423100,1,2
good,2,40.28,2,3,5,2,3,30000,754821,67685,52.73,200000,110000,0,1
bad,2,47.3,2,2,5,2,2,200000,416029,431637,59.21,500000,1033000,3,2
bad,1,27.28,2,2,1,2,2,60000,214073,59881,32.56,300000,67700,10,1
good,2,43.3,2,2,5,2,3,200000,5113231,480967,6.97,500000,602000,0,1
good,2,28.28,2,2,1,2,2,50000,956773,266405,49.45,470000,266500,2,2
good,1,45.3,1,3,1,2,5,50000,132177,118653,28.07,300000,150000,10,1
good,1,26.29,2,2,1,2,2,20000,29041,97234,51.98,286000,125600,0,2
good,2,52.3,1,3,5,2,4,50000,207093,0,21.15,300000,60000,0,1
bad,1,44.3,2,2,1,1,2,15000,93034,24056,20.41,170000,27534,1,1
good,2,30.29,2,2,5,2,2,40000,963563,276299,27.11,250000,187701,1,1
good,1,41.3,1,2,5,1,2,20000,1044321,226685,62.81,180000,180000,4,2
good,2,44.3,2,2,5,2,2,40000,165495,241810,74.81,190000,422501,1,2
good,2,44.3,2,1,1,2,2,10000,295286,186220,43.19,120000,187000,4,1
good,2,48.3,2,2,5,2,3,30000,583529,135936,57.38,340000,143731,0,2
good,1,54.31,2,2,1,2,3,100000,3496728,283045,26.92,500000,893120,1,1
bad,2,27.29,1,3,5,1,3,50000,54818,462153,70.1,164000,592500,2,1
bad,2,41.3,2,2,5,2,2,30000,158375,61088,33.12,300000,60000,14,2
good,2,56.31,1,2,5,2,3,35000,188098,102981,21.46,400000,163000,0,1
good,2,45.3,2,1,1,2,2,80000,691074,101957,48.95,300000,386000,1,2
good,2,40.3,2,1,1,2,3,58000,2034722,60240,31.73,216000,194500,0,1
good,1,43.3,2,2,5,2,3,50000,471039,342650,48.74,300000,759640,0,1
bad,2,40.31,2,2,1,1,2,15000,102337,36507,42,170000,37000,14,2
good,2,45.32,2,2,5,2,2,100000,2670664,473150,57.93,500000,1634900,1,2
good,1,39.31,2,2,5,2,3,20000,703735,55909,20.33,300000,100000,0,1
bad,1,43.32,2,2,5,2,2,50000,1578343,87411,21.52,440000,80000,4,1
good,1,32.31,2,2,5,2,3,150000,46447,164857,45.5,290000,225002,0,2
good,1,32.31,1,3,1,2,3,100000,41381,167782,32.21,88000,241000,5,1
good,1,36.32,1,2,1,2,3,16000,442633,48553,42.39,160000,92000,0,1
good,2,34.32,2,2,1,1,3,500000,292347,111106,71.67,100000,173000,0,2
good,2,34.32,2,1,5,2,3,30000,299870,101134,40.04,200000,116000,4,2
bad,1,31.32,1,2,5,1,3,12000,437001,119920,65.49,147000,175000,7,1
bad,1,39.32,2,2,1,2,2,80000,1396859,52784,14.04,260000,112000,4,1
good,2,49.33,2,1,5,1,3,25000,592062,34840,26.8,240000,100000,3,1
good,1,45.32,2,3,5,2,3,10000,496467,175091,54.42,250000,249001,0,1
good,2,43.32,2,1,5,2,5,20000,155720,156039,56.19,219000,203000,5,2
good,2,36.32,2,3,2,2,3,20000,924242,159297,24.45,170000,188000,0,1
bad,2,49.33,2,2,3,1,4,240,3513224,94449,15.93,500000,127800,7,1
good,2,26.32,1,2,1,2,5,20000,94049,56205,32.63,200000,223300,7,2
good,2,42.33,2,3,5,2,3,15000,447354,122297,20.56,120000,189000,4,1
good,1,40.33,2,2,1,2,4,35000,1505116,620212,68.57,480000,1136500,2,2
good,2,46.33,2,2,1,2,3,100000,1267795,0,20.71,400000,0,5,1
bad,2,47.34,2,2,5,2,2,100000,2583521,690823,75,488000,662500,14,1
bad,2,26.32,2,2,5,2,3,50000,1889953,242936,23.51,300000,319152,1,1
good,1,53.34,2,2,1,2,3,25000,2250501,90593,17.36,500000,105000,17,1
good,1,46.34,1,3,5,1,2,7000,912065,4104,12.25,150000,75000,0,1
good,1,51.34,2,3,5,2,3,50000,1068371,104744,54.42,234000,145000,0,2
good,1,25.32,2,2,1,1,3,3000,41549,6756,23.47,90000,62036,4,1
good,1,29.32,2,3,2,2,3,20000,0,0,43.96,290000,0,0,1
good,1,48.34,2,2,5,1,2,15000,273350,88785,17.32,160000,121001,0,1
bad,2,41.33,2,2,5,2,2,150000,6847194,989609,20.51,500000,1237500,1,1
good,1,48.34,2,1,5,1,2,15000,878232,198309,74.7,290000,376677,1,1
good,2,36.33,2,3,1,2,3,50000,118253,136991,54.14,224000,254000,15,1
good,2,48.34,2,2,1,2,2,250000,51727,294763,45.78,110000,521200,2,1
bad,2,40.34,2,3,5,2,2,60000,333043,137516,32.93,380000,135000,3,2
good,2,32.33,2,3,1,2,3,20000,140772,13742,38.46,56000,21450,16,1
bad,1,39.34,2,2,2,2,2,100000,277976,172834,26.24,500000,180001,0,2
good,2,44.34,2,2,5,2,2,60000,2900134,309023,57,400000,394012,0,1
good,1,36.34,2,3,1,2,3,50000,43733,61955,32.27,93000,71600,4,1
good,1,32.33,2,2,4,1,4,8000,1193495,290840,74.95,113000,408000,9,1
good,2,32.33,1,3,1,2,3,100000,2926153,651216,74.89,290000,626000,0,1
good,1,33.33,2,1,2,2,3,10000,1263205,93802,21.51,290000,100000,3,1
bad,2,46.37,2,2,1,2,3,25000,275286,0,25.68,200000,41000,3,2
bad,2,38.36,2,2,5,2,3,150000,2155321,440673,66.46,500000,450000,3,1
bad,2,27.36,2,2,2,2,5,40000,183634,133952,59.92,200000,195100,2,2
bad,1,34.36,2,3,5,2,5,50000,176706,182267,71.79,300000,218049,8,2
bad,2,48.37,2,1,5,2,3,400000,3222367,804065,61.97,500000,1170050,9,1
good,2,51.38,2,2,1,2,2,50000,194747,111477,21.63,390000,225000,9,1
good,2,28.36,1,3,5,1,3,15000,749817,64486,23.3,169000,174916,4,1
good,1,31.36,2,2,5,2,3,70000,1067800,152098,56.54,500000,55401,4,2
good,2,44.37,2,2,1,2,3,16000,114355,137479,61.2,100000,240250,2,1
good,1,54.38,2,2,4,1,4,110712,0,0,36.1,500000,0,0,1
good,1,37.37,2,2,1,1,3,101595,691742,267562,63.46,216000,454444,0,1
good,2,25.36,1,2,5,2,2,35000,2329667,125300,10.51,500000,330500,4,1
good,1,34.37,2,2,1,2,3,150000,1137425,662609,40.37,500000,1061972,5,1
bad,2,33.37,2,2,1,2,3,70000,3769776,25898,68.64,500000,23000,9,2
good,1,47.38,2,1,1,2,2,10000,1096039,245157,20.74,110000,250001,1,1
good,1,32.37,2,3,1,2,3,20000,1776618,244062,20.21,300000,286800,3,1
good,1,35.38,2,2,1,2,5,12000,475841,97187,74.91,127000,134000,0,2
good,1,46.38,2,2,1,2,1,15000,1348236,121551,18.23,500000,135000,3,1
good,2,43.39,2,2,5,1,3,30000,147200,106074,16,300000,135000,0,1
good,2,32.38,2,3,2,2,3,40000,669328,108373,61.32,190000,170000,1,1
good,1,35.39,1,3,1,2,3,50000,2273648,235994,23.21,500000,291700,2,1
good,1,25.38,1,2,5,1,3,10000,2175555,355684,26.51,500000,1040820,0,1
good,2,52.4,2,1,5,2,2,100000,299805,115749,35.91,300000,123000,11,2
good,2,54.41,2,2,1,2,3,83000,563958,316795,15.79,500000,437010,1,1
good,2,34.39,2,2,1,2,2,40000,351546,107366,29.48,240000,168000,0,1
good,2,43.4,2,1,1,2,2,40000,572422,56416,64.13,150000,63000,2,1
bad,1,34.39,2,2,3,1,4,4500,2220033,72316,27.86,500000,167000,1,1
good,2,33.39,2,3,5,2,3,60000,811780,187292,70.95,188000,383000,0,1
good,2,33.39,2,3,5,1,2,8000,494180,9500,25.27,150000,147333,0,1
good,1,39.4,2,2,1,2,2,50000,539870,149103,29.95,200000,296000,0,1
good,2,51.41,2,2,5,2,3,150000,2222872,309051,64.89,500000,285000,0,1
good,2,44.41,2,2,5,2,3,150000,263958,260662,70.01,500000,481000,11,2
good,1,27.4,2,3,1,2,2,18000,30181,32240,39.66,200000,62000,3,2
good,2,51.41,2,2,5,2,3,85000,349675,146587,39.26,500000,517500,0,2
good,1,34.4,2,2,1,2,2,50000,1590692,109677,17.91,500000,160000,12,1
good,2,42.41,2,2,1,2,2,80000,1617840,204612,14.53,500000,280000,1,1
good,2,47.41,2,3,5,2,3,40000,224708,311408,52.96,450000,226700,0,1
bad,2,49.42,2,2,1,2,3,56000,416029,88478,6.83,500000,153000,5,1
good,2,36.41,2,1,2,2,5,80000,1681990,423990,57.67,180000,1021818,0,1
good,1,50.42,2,2,3,2,3,15000,1445983,141181,21.85,500000,844000,0,1
good,2,41.41,2,2,1,2,3,50000,274925,118424,35.32,115000,316800,0,1
good,2,25.4,2,2,2,1,3,9000,1532986,154600,40.66,450000,194801,0,1
good,2,49.42,2,3,1,2,2,60000,1074716,87507,70.7,200000,197750,0,1
good,1,42.42,2,2,3,1,4,48,1385315,67707,14.31,246000,179000,0,1
good,2,41.42,2,2,5,1,3,500000,619284,340436,74.94,115000,508131,1,2
good,2,29.42,2,1,5,2,3,50000,3696318,520779,56.12,500000,1196000,0,1
bad,2,42.43,2,2,1,1,2,22000,617763,39743,47.42,225000,39000,1,1
bad,2,40.43,2,2,1,2,1,100000,2011059,0,45.44,450000,1426229,2,1
good,2,31.42,2,1,4,1,2,10000,44769,82472,73.75,70000,239782,1,2
good,1,39.43,2,2,1,2,3,50000,908105,109293,26.32,500000,837600,0,2
good,2,41.43,2,3,5,2,3,250000,963457,269495,51.45,280000,520500,3,1
good,1,31.42,2,2,1,2,3,10000,49935,358,29.11,100000,31000,0,2
good,1,46.44,2,3,1,2,2,80000,232026,130165,41.16,120000,522500,2,1
bad,2,36.43,2,2,1,2,2,80000,1516972,97437,22.71,500000,63000,11,1
good,1,52.44,2,2,1,2,3,250000,2399675,447617,50.75,500000,687000,2,1
good,1,30.43,2,3,4,1,3,12000,1759632,429831,51.14,300000,761855,0,1
bad,2,35.43,2,2,5,2,5,50000,362328,122627,28.51,500000,652460,6,2
good,1,48.44,2,1,2,2,5,20000,179766,43635,69.62,360000,163001,0,2
good,2,40.44,2,2,2,2,2,25000,458479,225972,70.08,300000,526678,0,2
bad,2,42.45,2,2,1,2,5,200000,330917,87017,38.33,500000,493021,3,2
bad,2,40.45,2,2,6,2,2,120000,394620,26613,20.41,500000,412000,1,2
good,1,43.45,2,2,1,2,2,100000,228553,113188,40.4,290000,152100,0,2
good,1,28.44,2,3,5,1,3,18000,2415420,19700,15.32,285000,175183,0,1
good,2,41.45,2,1,2,1,3,15000,1637499,267573,74.75,180000,410861,0,1
bad,1,43.46,2,2,1,2,3,30000,1693532,627367,74.42,450000,472000,5,2
good,2,28.45,2,2,2,2,5,15000,1891509,330977,20.68,500000,406000,1,1
good,2,27.45,1,2,5,2,2,25000,77399,242663,74.94,155000,463043,0,2
good,1,54.47,1,1,1,2,3,80000,460159,33078,21.54,160000,65000,4,1
good,2,37.45,2,2,5,1,4,10000,519554,120411,32.09,100000,131000,4,1
good,2,36.45,2,3,5,2,3,17000,466532,106156,25.06,180000,391000,8,1
good,2,39.46,2,2,5,1,3,8000,884112,336378,53.86,100000,666800,2,1
good,2,29.46,2,2,5,2,2,100000,3336393,890528,74.98,89000,1541940,0,1
good,2,45.47,2,2,5,2,3,100000,263958,99999,23.8,500000,100000,9,2
bad,1,32.46,2,2,1,2,5,10000,194307,124181,66.72,170000,157000,16,2
good,1,32.46,2,2,5,2,5,20000,125644,110808,74.97,238000,125500,0,2
good,1,41.47,2,2,5,1,2,60,155760,0,11.37,300000,8000,0,2
good,2,39.47,2,2,1,2,3,70000,558402,131592,40.3,500000,281833,0,2
good,1,29.46,2,3,5,2,2,10000,932984,31111,21.55,225000,89000,0,1
good,1,36.47,2,3,2,2,2,100000,263958,160872,6.92,500000,230000,3,1
good,2,33.47,2,2,5,1,3,5000,53862,53909,40.77,93000,96000,5,1
good,2,49.48,2,2,5,2,3,50000,95025,106287,52.96,180000,116000,1,2
good,1,50.48,1,2,1,2,2,80000,1011021,146543,18,200000,258200,0,1
good,1,26.47,2,1,5,2,5,100000,2568855,128445,15.83,500000,426113,1,1
good,2,48.48,2,2,5,2,3,100000,4733932,182176,74.99,360000,570872,1,1
good,2,38.47,2,3,5,1,3,20000,525372,34569,32.47,110000,54000,0,1
good,1,28.47,2,2,5,2,2,15000,227527,106740,46.2,250000,855536,1,2
good,2,38.47,2,2,5,1,2,60000,3166220,88770,7.38,500000,268600,2,1
bad,1,26.48,1,2,5,2,2,20000,1391323,458670,59.91,400000,471012,6,1
good,2,44.49,2,2,1,2,3,80000,1196155,167747,33.75,500000,230001,0,2
bad,2,45.49,2,2,1,2,5,120000,1225780,261364,61.66,400000,317400,1,2
good,2,41.49,2,1,1,2,3,50000,2695602,123284,67.65,320000,209200,0,2
good,1,48.5,2,2,5,1,2,8000,884191,0,17.06,300000,63000,0,1
good,2,37.49,2,2,1,2,3,20000,562516,108041,46.64,70000,157005,1,1
good,1,44.5,2,2,1,2,2,100000,318375,82959,41.59,300000,193756,0,2
bad,1,49.51,2,2,5,2,2,80000,1138633,289370,28.28,500000,258400,1,2
bad,1,30.5,1,2,2,1,3,5000,561891,287394,56.84,500000,374769,4,1
good,2,40.5,2,2,5,2,5,100000,1666238,53153,21.93,420000,118000,0,1
good,2,50.51,2,2,1,2,5,60000,158375,66475,19.77,300000,152000,0,1
good,1,44.5,2,3,5,2,5,300000,1256343,646959,53.09,500000,1003500,0,1
good,2,37.5,2,2,5,2,3,300000,8257445,16978,6.71,500000,45000,1,1
good,2,47.52,2,2,2,2,5,50000,412443,255069,61.36,500000,816179,0,2
good,1,33.5,2,2,5,2,2,30000,790300,39190,14.34,210000,41000,7,1
good,2,37.51,1,1,5,2,2,60000,405763,267451,58.94,215000,332900,0,1
good,2,35.51,2,3,2,1,5,12000,215360,272867,61.98,150000,462500,2,1
bad,2,50.53,2,2,5,2,2,100000,7075041,79958,8.07,500000,367000,1,1
good,1,41.52,2,2,1,2,2,20000,263958,97345,20.76,500000,115000,1,1
good,1,30.52,2,3,5,2,3,35000,580307,125018,23.91,177000,179000,0,1
good,2,33.52,1,3,5,1,3,20000,652559,98255,45.58,150000,127000,5,1
good,1,40.53,1,3,5,2,3,200000,8730113,117560,7.25,500000,348000,0,1
good,1,27.52,1,2,4,1,4,20000,2269558,195366,27.5,500000,502881,0,1
good,2,47.54,2,2,5,2,3,28000,563682,142591,74.9,82000,269000,0,1
good,1,32.53,2,2,1,2,3,50000,966209,98719,46.14,150000,169752,0,1
good,2,43.54,2,2,5,2,3,80000,968099,419640,53.2,277000,657531,1,1
good,2,41.54,2,1,5,2,2,100000,810438,263053,51.55,230000,289833,0,1
good,1,36.54,2,2,4,1,5,6000,0,0,21.89,500000,0,2,1
bad,1,25.54,2,2,5,2,2,40000,95962,3590,29.37,130000,9000,1,2
good,2,52.56,2,2,5,2,3,20000,397521,224971,12.87,100000,48000,0,1
good,2,32.55,2,2,1,2,3,75000,1093511,106063,72.81,450000,294720,0,2
good,2,44.56,2,3,5,2,2,40000,855190,0,21.62,228000,30000,1,1
good,1,45.56,2,3,1,2,3,50000,146783,1092,21.23,500000,10001,5,2
good,2,30.56,2,2,1,2,3,80000,923244,0,21.6,210000,4000,2,1
bad,1,43.57,2,2,5,2,5,100000,829404,323748,63.02,300000,543500,2,1
good,2,26.56,2,2,5,2,2,150000,446783,175239,60.16,500000,229000,6,2
good,1,33.56,2,2,4,1,4,10000,327937,121876,54.83,140000,181001,0,1
bad,2,31.56,2,1,5,2,5,55000,404006,490373,49.09,450000,402900,5,1
good,1,43.57,2,2,5,2,3,30000,1078783,0,56.07,200000,0,0,1
good,1,28.56,1,3,1,2,3,200000,955158,234125,27.21,290000,694400,0,1
good,2,30.56,2,3,1,2,2,70000,274457,38329,20.03,299000,100000,0,2
good,2,27.57,1,2,5,1,2,10000,1909408,179906,55.57,290000,205000,1,1
good,2,51.59,2,2,5,2,2,20000,566045,185123,28.26,300000,310391,1,1
good,1,28.57,2,2,1,2,5,50000,147327,62123,38.68,265000,121000,0,2
good,1,36.58,2,3,1,2,5,30000,1215456,28686,27.47,150000,60000,0,3
good,2,45.58,1,2,2,2,2,50000,1271429,5192,17.83,300000,8000,0,1
good,1,36.58,2,3,1,2,3,30000,353140,147919,74.9,60000,165800,0,1
good,1,42.58,2,1,5,2,3,80000,3005653,268490,25.74,437000,411000,0,1
good,2,48.59,2,3,1,2,3,30000,552807,145661,51.31,190000,148000,1,1
good,2,39.58,2,1,5,2,3,60000,1722381,235255,36.04,400000,641000,0,1
good,2,49.59,2,2,5,2,5,140000,433664,345223,60.77,500000,402563,0,2
good,2,52.61,2,3,5,2,3,130000,1963298,72260,10.24,280000,75000,4,1
good,2,27.59,1,2,1,2,3,80000,1180236,142005,37.32,500000,853411,1,2
good,1,36.6,2,3,1,2,2,15000,0,0,53.34,120000,0,8,2
good,2,46.61,2,2,1,2,4,100000,689076,55524,16.68,290000,172000,0,1
good,2,44.6,1,1,5,2,3,50000,373045,147081,30.01,299000,158010,1,2
good,1,35.6,2,2,5,1,2,600000,864706,88344,37.15,299000,152740,0,1
good,2,41.6,2,2,4,1,4,15000,688641,58673,33.22,250000,101000,13,1
good,1,41.6,1,3,5,2,2,60000,227940,228166,54.47,410000,282700,5,2
good,2,45.61,2,2,5,2,2,300000,797848,18201,23.7,176000,83000,2,4
good,2,36.6,2,3,5,2,2,300000,3909109,71715,27.77,500000,450000,0,1
good,2,29.6,1,2,5,2,2,80000,3362997,570533,46.62,500000,614083,0,1
good,2,46.61,2,2,5,2,3,70000,819319,5149,10.16,299000,292004,0,1
good,1,28.6,1,3,2,2,5,10000,652472,43580,15.93,200000,64600,0,1
bad,1,37.61,2,2,5,2,2,15000,4689047,211745,20.53,500000,182672,1,1
bad,1,29.6,2,1,5,2,3,100000,372250,0,21.42,460000,63001,1,1
good,1,25.6,1,2,4,1,3,14,2173100,123089,20.85,500000,170000,1,1
good,2,35.61,2,2,5,1,2,15000,311821,84179,49.45,85000,85700,0,1
good,2,40.62,2,3,5,2,2,30000,424028,87974,54.74,149000,137000,0,1
good,1,44.62,2,2,5,2,2,50000,277976,58951,17.28,500000,84833,0,2
good,2,42.62,2,3,5,1,3,43854,269927,81718,67.82,230000,276663,0,2
good,2,31.61,2,2,5,1,3,15000,645680,77459,22.96,108000,235000,0,1
bad,1,36.62,1,2,1,2,3,40000,305236,59446,11.06,500000,82000,6,2
good,1,39.63,2,3,5,2,2,50000,1083476,110043,21.03,500000,213012,0,2
good,2,47.63,2,2,5,2,3,80000,811397,168499,61.29,299000,316841,0,1
good,1,42.63,2,2,5,2,2,100000,3078951,116914,18.96,500000,115000,14,1
good,2,50.64,2,1,5,2,3,100000,364006,114,23.58,295000,97000,0,2
good,2,34.62,2,2,5,2,3,50000,384783,42321,35.15,150000,48001,2,1
good,1,27.62,2,3,5,1,2,8000,738155,11450,20.14,150000,180316,0,1
bad,1,44.64,2,1,5,2,2,100000,1802881,0,16.3,500000,150000,3,1
bad,1,25.62,2,2,5,1,2,18000,716934,62829,27.28,130000,54000,1,1
bad,2,42.64,2,2,5,2,2,100000,437977,50462,4.97,500000,90000,5,1
good,1,53.64,2,2,5,2,3,37000,1875046,0,20.6,500000,22000,0,1
bad,1,45.64,2,1,2,2,2,70000,295267,307181,72.49,400000,453000,1,2
good,2,39.64,2,1,5,2,5,100000,219206,38835,48.42,290000,371856,1,2
good,1,39.64,2,2,5,2,2,80000,798846,8511,32.97,229000,20000,0,2
good,2,26.63,1,2,1,2,5,100000,5414815,97506,27.21,299000,260000,0,1
good,2,44.64,1,2,5,2,3,100000,689321,129399,23.13,196000,252921,0,1
good,2,30.64,2,2,5,1,3,10000,634172,178844,26.55,60000,263667,0,1
good,2,52.65,2,1,5,2,5,75000,271867,89321,39.48,250000,153000,0,1
good,1,36.64,2,2,5,2,2,14000,1010988,22972,30.17,230000,93000,0,1
good,1,46.65,2,2,5,2,3,50000,790756,11973,47.72,200000,103600,0,1
good,2,30.64,1,2,3,1,4,6000,783208,251233,35.02,160000,407500,0,1
good,1,44.65,2,2,5,1,4,25000,156515,107961,40.67,260000,109600,1,2
good,2,54.66,2,3,5,2,2,70000,251953,37707,35.06,299000,66000,1,1
good,1,48.65,2,2,5,2,3,80000,774442,160719,35.82,259000,608680,0,1
good,1,50.65,2,2,5,2,2,60000,470932,81178,21.01,260000,90000,0,1
good,1,44.65,2,2,1,2,3,150000,1116618,147218,41.11,240000,175000,0,1
good,2,30.65,2,3,5,1,3,10000,460630,241170,24.63,100000,262865,0,1
good,2,31.65,2,1,3,1,4,6000,609392,75412,50.15,150000,190000,0,1
good,2,33.65,1,1,5,2,3,80000,170932,82816,25.89,280000,110000,6,1
good,1,29.65,2,3,1,2,2,50000,1122768,63706,14.41,189000,94600,0,1
good,2,44.66,2,2,4,1,2,80000,2595231,194671,31.62,500000,616000,0,1
bad,2,33.66,2,3,1,2,2,120000,378599,223667,32.46,100000,130244,3,1
good,1,37.66,1,2,3,1,3,10000,246880,0,42.23,299000,60200,0,2
good,2,48.67,2,2,5,2,3,40000,684870,32771,38.08,276000,106001,0,1
good,2,32.66,2,2,1,2,2,60000,421659,85564,74.4,190000,173000,0,2
good,1,48.67,1,2,5,2,3,50000,2391437,189693,29.58,295000,433000,1,1
good,1,37.66,2,2,5,2,2,100000,773634,18822,14.78,500000,130000,0,2
good,2,28.66,2,1,1,1,2,15000,872543,152879,20.5,130000,323592,0,1
good,2,50.68,2,3,5,2,3,30000,822454,299656,42.79,300000,358000,3,4
good,2,39.67,2,2,2,1,2,30000,1745115,29422,28.45,299000,127305,0,1
good,2,27.67,1,1,5,1,3,18000,813630,77956,31.86,150000,105000,5,1
good,2,32.67,1,1,1,1,2,20000,120620,0,28.26,130000,0,5,1
good,2,45.68,2,2,5,2,2,80000,450186,87812,48.92,400000,165000,0,2
good,2,52.68,2,2,5,2,3,80000,1016631,406912,49.48,280000,442000,0,1
good,2,38.68,2,3,5,1,2,50000,522422,15139,21.11,166000,50000,3,1
good,2,42.68,2,1,5,2,3,100000,2391734,492913,41.97,500000,943500,0,2
good,1,39.68,2,3,5,2,3,50000,1182171,108794,29.08,200000,494883,0,1
good,2,37.68,2,2,5,1,3,30000,1152180,26662,18.89,200000,55000,1,1
good,2,37.68,2,2,5,1,2,300000,2588521,366854,74.98,191000,516000,0,1
bad,2,41.68,2,1,5,1,2,12000,108115,140473,74.86,124000,186000,3,1
good,1,45.68,2,2,5,2,2,80000,496275,357269,50.95,500000,444001,3,1
good,2,43.68,1,2,5,2,3,80000,5978631,175334,16.7,500000,323700,1,1
bad,2,37.68,2,2,5,2,5,150000,235927,432120,74.97,251000,354001,2,2
good,1,51.69,2,1,5,2,3,80000,110859,0,56.78,190000,88520,6,2
good,2,47.69,2,2,5,2,2,50000,415468,77192,49.61,500000,112000,3,2
good,2,45.7,2,3,5,2,2,300000,12315037,114078,3.72,500000,162001,0,1
good,1,41.69,1,3,5,2,3,50000,884052,59839,58.24,223000,111000,0,1
good,1,31.69,2,3,5,2,3,50000,134198,45179,58.21,230000,142000,0,1
good,2,37.7,2,1,5,2,3,100000,418366,18000,21.63,118000,25000,0,1
good,2,31.7,2,3,5,2,2,50000,1025069,44246,27.86,239000,74167,0,1
good,1,33.7,1,2,2,1,2,40000,827964,19712,44.07,211000,534070,0,1
bad,2,26.7,1,2,5,2,2,50000,225588,80717,55.05,240000,104000,3,2
good,2,27.7,2,2,2,1,3,50000,1875957,261969,36.85,495000,722872,1,2
good,2,43.71,2,2,1,2,5,80000,172123,100530,42.71,295000,125000,0,2
good,2,53.71,2,1,3,2,4,12000,363439,46020,24.72,150000,55413,1,1
good,1,40.7,2,3,2,1,3,18000,227496,20238,15.79,290000,78000,0,3
good,1,45.72,2,2,5,2,2,150000,1369683,4557,23.08,500000,10000,2,2
good,2,38.72,2,3,5,1,2,37000,530416,116235,22.63,210000,188611,1,1
good,1,28.71,2,3,5,2,2,50000,784590,233937,21.99,295000,294002,0,1
good,2,34.71,2,3,3,1,3,10000,393661,24766,27.35,76000,35000,0,1
bad,1,46.72,2,2,1,2,3,12000,78599,41725,47.96,100000,34000,5,2
bad,1,41.72,2,2,5,2,2,80000,774329,55792,19.39,153000,21000,11,1
good,1,27.71,2,3,3,1,4,10000,18050,12639,34.89,54000,55000,0,1
good,2,41.72,2,2,5,2,3,100000,1879529,232644,44.95,450000,320000,1,1
good,2,39.72,2,2,5,2,2,150000,564027,192820,57.65,500000,233300,1,2
good,1,36.72,1,2,5,2,3,50000,971518,83260,15.92,295000,190010,0,1
good,1,32.72,2,3,1,2,2,20000,624812,42505,36.76,245000,113000,0,1
good,1,35.72,2,2,2,2,5,100000,454683,55277,18.94,500000,94000,0,1
good,2,31.72,2,2,5,1,2,15000,1250142,101657,34.04,150000,109250,1,1
bad,2,31.72,2,2,5,2,3,50000,217760,264784,55.07,295000,327002,6,2
good,2,49.73,2,2,3,1,1,2800,342327,156478,13.77,250000,239000,0,1
good,2,43.73,2,2,5,2,2,800000,1054605,65831,50.37,295000,422075,0,2
good,2,52.74,2,2,1,2,3,20000,1291095,114988,52.25,500000,52200,2,2
good,1,39.73,1,3,5,2,2,100000,546504,219182,74.98,170000,250000,3,1
good,1,30.73,2,3,5,2,2,20000,150449,54362,44.85,120000,53000,0,1
good,1,41.74,2,2,1,1,3,10000,603114,0,13.72,140000,11000,8,1
good,1,35.74,2,2,1,2,3,50000,331495,126026,45.56,500000,426600,4,2
good,2,31.73,2,2,2,1,4,15000,442532,29527,31.41,124000,44000,0,1
good,2,27.73,2,1,5,2,2,80000,528202,21608,20.91,200000,24000,0,1
good,1,27.73,2,3,5,1,3,26,737645,8334,29.57,140000,116500,0,1
good,1,43.74,1,2,1,2,3,12000,159244,128615,41.75,250000,136000,0,1
good,1,40.75,2,2,1,1,2,20000,174574,0,21.31,290000,50000,0,2
good,2,26.75,2,2,5,2,2,50000,849596,307790,49.96,295000,1090000,0,1
good,2,27.75,1,1,5,2,5,30000,133694,2479,40.42,219000,10000,0,2
good,2,32.75,2,2,1,1,2,50000,722594,58372,38.06,300000,55100,0,1
good,1,44.76,2,2,5,2,2,50000,773976,181733,44.53,140000,216000,0,1
good,2,28.75,2,1,1,2,3,30000,1205286,413865,74.33,200000,1314088,0,2
good,2,37.76,1,2,5,2,3,15000,293340,80088,53.07,220000,87000,0,1
good,2,46.76,2,2,5,2,3,50000,1397169,112444,66.42,150000,545200,0,2
good,1,42.76,2,2,5,2,5,120000,1520672,84489,17.99,500000,159000,1,1
good,1,28.75,2,2,5,2,2,80000,1112518,274000,50.39,445000,466230,1,1
good,1,51.77,2,2,4,1,3,30000,666185,476575,48.67,500000,524000,0,1
good,1,36.76,2,2,5,2,2,100000,1871563,149781,46.18,400000,490459,5,1
bad,2,35.76,2,2,2,2,5,80000,719024,6583,21.46,250000,299271,1,2
good,2,39.76,2,3,5,1,4,43000,286543,11266,27.92,476000,74000,1,2
good,1,29.75,2,2,5,1,3,30000,1961961,13054,17.24,295000,103010,0,1
good,1,42.76,2,1,5,2,3,30000,23756,153240,68.24,70000,172002,0,2
bad,1,40.77,1,1,5,1,3,20000,496972,69715,22.04,500000,582713,9,2
good,1,43.77,2,2,5,2,3,50000,1751736,146081,16.44,298000,502889,0,1
good,2,29.76,2,2,1,2,5,100000,603800,286663,53.72,200000,519500,0,2
good,2,42.77,2,2,5,2,5,25000,1082632,161042,28.02,298000,616157,0,2
bad,2,55.81,2,3,5,2,3,150000,1805065,247871,21.25,500000,763412,2,1
good,1,31.79,2,2,5,2,5,4000,38432,92845,46.85,100000,77096,9,2
good,2,51.81,1,2,5,2,2,50000,87423,35601,27.49,70000,40000,2,1
good,2,36.8,2,3,5,2,2,30000,155492,108161,24.52,100000,273589,4,2
good,1,41.8,2,1,5,2,2,15000,136225,199722,74.51,150000,268223,3,1
good,1,27.79,2,1,5,2,2,50000,2399357,4682,19.14,500000,55000,2,1
good,1,42.81,2,2,5,1,2,10000,466655,28066,17.14,260000,35000,0,1
bad,1,52.82,1,2,5,1,2,40000,1699000,17733,27.41,500000,85000,1,1
good,1,25.8,1,2,1,2,3,60000,104827,190317,36.61,160000,303000,1,2
good,2,45.81,2,2,5,2,5,50000,436674,184814,66.76,180000,213000,0,2
bad,2,26.81,1,2,3,2,5,10000,305594,199490,55.83,400000,627562,2,2
good,2,41.82,1,3,5,2,3,100000,1165382,138333,45.1,260000,508917,1,1
good,2,25.81,1,2,5,1,2,50000,1865441,252780,47.57,490000,256000,1,1
good,2,37.82,1,2,1,2,3,100000,2795344,273816,31.04,450000,323000,1,1
good,1,25.82,1,2,2,1,3,8000,1354822,30910,14.91,500000,237000,0,1
good,2,41.83,2,2,2,2,2,40000,3196324,306211,43.93,500000,435400,1,2
good,2,49.84,2,2,1,2,2,50000,300971,19303,32.25,120000,63350,0,1
good,2,33.84,2,2,5,2,3,80000,1840827,16865,23.12,450000,50000,0,1
good,1,30.85,2,2,5,1,3,35000,658620,25668,26.55,185000,87972,0,1
good,1,28.86,2,2,1,2,3,50000,216244,208042,23.71,250000,59000,0,2
good,2,36.87,2,2,5,2,2,25000,152875,218001,67.1,240000,606935,1,2
good,2,30.86,2,2,1,2,3,40000,195582,95157,22.2,295000,111000,2,1
good,2,37.87,2,3,5,2,2,40000,785800,60972,46.21,180000,75042,0,1
good,1,50.88,1,2,5,1,2,50000,748915,52122,15.75,163000,103000,2,1
good,2,26.87,1,2,5,2,3,50000,984400,0,12.13,295000,0,0,1
good,1,35.87,2,2,5,2,5,80000,318489,21017,28.01,500000,531130,0,2
good,2,25.87,2,2,5,1,3,30000,1485276,168200,33.69,280000,184000,3,1
good,1,41.88,2,1,5,2,2,80000,2063893,242291,39.55,500000,485124,0,1
good,2,41.88,2,1,5,1,1,30000,125733,105038,26.54,200000,309000,0,2
good,2,44.89,2,2,4,1,4,15000,1635047,236767,36.06,500000,695651,0,1
good,1,49.89,2,2,1,2,2,40000,499448,163586,74.16,150000,175000,0,2
good,2,26.88,1,2,5,1,4,10000,489184,71235,22.01,100000,104333,2,1
bad,2,45.89,2,2,1,2,2,50000,297214,132255,65.19,249000,156000,1,2
bad,1,26.9,2,1,5,2,2,60000,392996,15765,31.9,500000,52000,5,2
good,2,38.9,2,3,5,2,3,80000,750423,66809,9.6,500000,71000,3,1
good,1,37.9,2,2,5,2,2,50000,1112071,83628,37.01,150000,131000,0,1
good,1,44.91,2,2,5,2,3,50000,1112086,276611,65.48,295000,299000,1,1
good,2,36.9,2,3,5,1,2,60000,1036654,66295,15.9,200000,832780,0,1
good,1,35.9,2,2,5,2,3,30000,466109,8211,21.58,97000,8000,0,1
good,2,38.91,2,2,5,2,5,70000,716321,278845,59.5,290000,580200,0,2
good,1,47.91,2,1,2,1,3,40000,246610,1376,26.37,150000,15000,0,1
good,2,36.9,2,3,2,1,3,10000,762280,51986,41.66,285000,204333,0,1
good,1,44.91,1,2,2,2,2,100000,392117,0,75,173000,20000,0,1
good,1,31.91,2,1,5,2,3,100000,2113632,209584,66.19,286000,435861,0,2
good,1,26.9,1,2,5,1,3,6000,1378535,194467,28.06,100000,220001,0,1
good,2,36.92,1,3,5,2,2,50000,1676665,56276,72.53,193000,65800,0,1
good,2,36.92,2,3,5,2,3,35000,330628,142387,73.14,114000,261200,0,1
good,1,46.93,2,2,1,2,3,15000,205936,53504,15.53,100000,60000,0,2
good,2,26.92,1,2,2,1,3,10000,4467204,50199,10.42,250000,483333,0,1
good,2,37.93,2,1,5,2,3,35000,683371,412929,24.4,280000,350000,0,1
good,1,38.93,2,2,5,2,2,40000,164840,154416,16.13,250000,305001,0,2
good,1,31.92,2,3,5,2,3,50000,131754,37228,43.66,150000,68001,1,2
good,1,39.93,2,3,5,2,3,60000,469695,0,21.09,270000,55000,0,1
good,1,29.93,1,2,4,1,3,10000,5059067,25,5.89,500000,325000,0,1
good,1,32.93,2,2,5,1,3,24000,925797,188810,53.12,240000,214001,0,1
good,1,41.93,1,2,2,2,3,12000,225177,194765,37.11,200000,315492,0,3
good,1,36.93,2,1,2,1,2,70000,1467262,174342,16.99,500000,284073,0,1
good,1,29.93,2,3,5,2,5,30000,89133,20553,31.14,190000,20000,8,3
good,2,34.94,1,1,4,1,3,4500,181102,2917,40.76,60000,72588,1,1
good,2,28.94,2,2,1,2,3,60000,895337,59683,22,400000,74600,0,1
good,2,33.94,2,3,5,1,2,16000,714380,61904,50.97,140000,64001,0,1
good,2,36.95,2,1,1,2,1,35000,2667507,411460,30.24,300000,624000,0,1
good,2,44.95,2,3,5,2,2,80000,795562,48793,54.83,230000,185666,0,1
good,1,39.95,2,1,5,2,2,100000,4436507,82368,10.12,500000,200001,4,1
good,2,34.95,2,2,1,2,3,30000,891410,160899,20.84,190000,5200,0,1
good,2,37.95,2,3,5,2,3,30000,721078,289947,73.1,400000,290000,1,1
good,1,45.96,2,1,5,2,5,90000,509900,91012,26.97,470000,121083,4,3
good,2,26.95,2,2,5,2,4,100000,3645908,185674,20.01,500000,280000,0,1
good,2,43.96,2,2,2,1,3,15000,856368,47663,26.56,200000,176433,0,1
good,2,27.95,2,1,5,2,2,20000,2620903,165618,19.62,300000,363161,0,1
good,1,38.96,2,2,5,2,2,50000,158247,128174,71.57,240000,384400,0,2
good,2,27.95,2,2,5,1,3,60000,856718,85274,23.66,500000,683662,0,2
good,2,44.97,2,2,1,2,5,80000,201723,91849,66.91,430000,463000,0,2
good,2,47.97,2,2,1,2,3,60000,0,0,39.88,500000,0,0,2
good,2,34.96,2,3,1,2,5,40000,164404,7915,19.59,240000,153650,0,3
good,1,34.96,1,3,2,2,5,80000,602807,71589,60.89,400000,215845,0,2
good,2,40.97,2,2,1,2,3,60000,654135,16265,67.67,298000,70000,0,2
good,2,45.97,2,2,1,2,3,40000,242883,41293,24.48,148000,174750,0,1
good,1,36.97,2,2,5,2,3,50000,315504,38369,19.29,300000,285400,0,1
good,1,30.96,2,3,2,1,3,20000,570008,130702,41.07,290000,255600,0,1
bad,1,35.97,2,2,1,2,2,50000,442564,177776,57.29,500000,234000,1,2
bad,1,45.98,2,2,2,2,1,100000,568985,4324,12.19,500000,0,3,2
good,2,32.97,2,2,5,2,2,100000,452119,164181,25.69,500000,251049,5,2
good,1,32.98,2,2,1,2,3,300000,618288,46439,49.11,270000,145000,0,2
good,2,54.99,2,2,5,1,2,23091,1302257,73387,42.02,500000,85000,0,1
good,2,52.99,2,2,5,2,3,200000,5669331,0,20.61,250000,150000,1,1
good,1,44.99,2,2,5,1,2,30000,1079931,47455,20.59,248000,120010,0,1
bad,2,37.99,2,2,5,2,5,50000,857198,113923,67.68,390000,112000,2,2
good,1,50,2,2,6,1,4,13000,526335,4229,20.56,370000,130024,0,1
good,2,44,1,2,5,1,3,20000,182471,105877,66.12,130000,154200,1,2
good,2,49.01,1,2,5,2,2,58000,430153,77530,61.87,190000,270190,0,2
bad,2,32,2,2,5,2,3,100000,1000000,94294,55.6,500000,77001,1,2
good,1,35,1,2,5,1,2,30000,124036,127936,72.66,120000,276960,0,3
good,1,45.01,2,2,4,1,1,15000,919972,213983,74.95,340000,446150,0,1
good,1,33,2,1,4,1,3,0,1224777,155734,48.28,470000,337000,0,2
good,1,45.01,2,2,1,2,2,35000,191804,7778,29.99,280000,287150,0,2
good,1,46.01,2,2,5,2,2,90000,1353617,92181,46.86,340000,320000,5,1
good,1,34,2,2,5,2,3,20000,464404,34332,32.98,240000,52000,0,3
good,2,41.01,2,2,5,2,2,40000,168502,52675,34.33,100000,121590,0,2
good,2,44.01,2,2,5,1,5,70000,196375,110901,29.86,290000,177700,0,2
good,2,38.01,2,2,5,1,2,12500,299051,32559,36.76,117000,96522,0,1
good,1,49.02,2,2,5,2,2,100000,1342507,149336,35.45,500000,233000,0,2
bad,2,39.04,1,2,5,2,2,50000,459057,87084,51.16,126000,87000,6,1
good,1,38.03,2,3,5,2,3,50000,779432,29423,21.34,217000,57000,0,1
good,1,45.04,2,2,1,2,5,20000,171254,9342,19.59,250000,10000,0,3
good,2,53.05,1,1,5,2,3,50000,278471,42058,24.05,186000,362750,4,1
good,2,43.04,2,2,2,1,4,150000,1237195,214314,18.22,500000,280000,0,2
good,1,31.03,2,1,5,1,3,20000,752255,47525,32.79,100000,128269,0,1
good,1,36.04,2,3,5,2,2,80000,1021957,182859,33.19,470000,324900,0,3
good,2,29.03,2,2,1,2,2,50000,260306,29179,30.74,380000,325410,5,2
good,2,54.05,2,2,5,1,3,25000,602364,93051,74.95,169000,219001,0,1
good,1,36.04,2,2,5,2,3,50000,1723788,46746,11.63,290000,50000,1,1
bad,2,53.05,2,2,5,2,3,100000,1925358,184637,28.43,290000,304300,4,1
good,1,36.05,2,3,1,2,3,30000,594644,12493,21.05,200000,15000,3,1
good,2,45.06,2,2,5,1,5,20000,910801,171840,68.18,300000,333484,1,2
good,1,30.05,2,3,5,2,3,24,848496,91011,32.5,200000,578958,1,1
good,1,29.05,2,2,4,1,3,30000,0,0,12.7,124000,0,1,1
good,2,29.05,1,2,5,2,3,50000,0,0,49.84,138000,0,3,1
good,1,32.05,2,2,5,2,3,50000,2267178,76344,23.99,299000,538624,0,1
good,2,40.06,2,2,1,2,2,42000,630261,71429,31.97,200000,79000,0,1
good,2,52.07,2,2,5,2,5,50000,1539100,38714,54.62,180000,206320,2,2
good,2,51.07,2,2,1,2,5,60000,248575,102922,65.75,350000,424000,1,2
good,2,47.07,2,1,5,2,5,80000,367485,101987,23.8,500000,154000,2,2
good,2,35.06,2,3,5,2,2,40000,680367,65846,35.71,80000,116001,2,1
good,2,41.06,2,2,3,1,4,10000,227498,0,15.65,90000,16000,0,1
good,2,38.06,2,1,5,2,3,50000,2066872,79415,22.25,300000,193000,0,1
good,2,25.05,1,2,5,2,2,100000,2224782,98155,21.35,468000,132000,1,1
bad,1,34.06,2,3,5,2,3,30000,982220,63309,10.12,200000,123000,3,1
good,1,35.07,2,3,5,2,3,50000,503577,76840,37.33,230000,230000,0,3
good,2,45.07,1,1,5,2,5,40000,892226,59357,47.02,300000,206000,0,1
good,2,33.06,2,1,1,2,2,46000,772710,74594,22.16,200000,141000,0,1
good,1,44.08,1,2,5,2,5,70000,599121,159474,56.09,250000,453380,0,1
good,1,36.07,2,2,5,2,5,15000,166901,31401,21.35,235000,159000,0,1
good,1,43.08,2,1,5,1,4,20000,0,0,74.8,159000,0,0,1
good,1,29.07,2,1,5,1,2,8000,84320,110537,6.72,120000,429500,0,2
good,1,55.09,2,2,5,2,5,80000,379643,58078,14.83,500000,916968,2,2
good,1,39.08,2,2,1,2,3,30000,735537,376844,74.99,219000,974200,0,3
bad,2,37.08,2,3,5,2,3,70000,195793,5001,29.19,250000,58000,3,1
good,2,33.07,2,2,5,2,2,50000,1091860,55684,24.76,370000,85011,0,1
good,1,52.09,2,2,5,2,5,40000,1788289,81171,16.42,500000,120000,0,1
good,2,55.09,2,3,5,2,5,60000,852810,0,36.2,300000,0,0,1
good,1,35.08,2,3,2,2,3,12000,377290,5680,41.16,152000,93000,0,1
good,1,31.07,2,2,5,2,5,50000,319597,5765,32.09,450000,77000,0,2
good,1,52.09,1,2,5,2,2,50000,1335027,63914,21.82,384000,223600,0,1
good,1,26.07,2,1,2,2,3,40000,197440,352766,70.07,278000,459230,0,1
good,1,45.08,2,2,5,2,5,80000,1721068,45173,16.12,500000,316000,0,1
good,2,39.08,2,2,1,2,3,60000,1140115,165056,30.03,450000,189000,0,1
good,2,44.08,1,1,2,1,2,10000,333398,112391,26.54,100000,143000,3,1
good,2,46.08,2,2,5,1,2,20000,1276466,54213,19.99,250000,135000,1,1
bad,2,42.09,2,2,5,2,3,80000,681483,147131,72.62,279000,108000,1,1
bad,2,27.08,2,2,5,1,2,24,1203235,87250,33,250000,86000,3,1
good,1,44.09,2,2,5,2,2,102,573416,11402,24.15,300000,20000,0,1
good,1,40.09,2,2,5,1,2,50000,1691978,281267,41.41,280000,319000,0,1
good,2,50.09,2,2,5,2,5,30000,469387,144127,72.61,200000,176000,0,1
good,1,27.09,2,2,5,1,3,25000,203774,260519,22.64,290000,177222,0,2
good,1,32.09,2,2,1,1,5,13000,729605,183126,31.14,200000,230810,0,1
good,1,34.09,2,2,5,2,2,15000,199194,117949,39.5,360000,125000,3,2
good,2,55.11,2,2,5,2,2,60000,887618,0,12.3,200000,68660,0,1
good,2,26.08,1,1,5,2,5,50000,1302214,49337,21.32,320000,90500,0,1
good,2,27.09,2,2,5,2,2,50000,3119615,38941,14.38,500000,100000,0,1
good,1,47.1,2,2,5,2,2,100000,355107,205686,46.35,500000,261400,0,2
good,2,39.1,2,2,5,2,1,100000,988235,76940,74.93,173000,222574,2,1
good,2,51.1,2,2,5,2,2,100000,1139122,0,19.07,500000,88001,1,1
good,1,41.1,2,2,1,2,2,30000,811175,17956,20.26,200000,33000,0,1
good,2,50.1,2,2,1,2,2,80000,380429,0,15.93,290000,0,0,1
good,2,46.1,2,2,2,2,3,75000,1770630,92643,19.26,500000,103000,0,1
good,2,53.11,2,2,5,1,3,15,1232571,3256,25.88,420000,60000,1,1
good,2,28.09,2,2,5,2,3,30000,95066,16027,32.12,88000,20634,0,2
good,2,50.1,2,2,5,2,2,18000,627924,40939,19.55,200000,80500,0,1
good,2,34.09,2,2,5,2,5,40000,525064,127014,56.82,157000,402670,7,1
good,2,28.09,2,2,3,1,4,12500,1354990,368145,35.03,300000,585200,0,1
good,1,37.1,2,2,5,1,2,20000,1975214,137446,22.84,300000,194000,0,1
good,1,51.11,2,2,5,1,2,10000,351334,76684,18,500000,789110,0,2
good,2,45.11,2,2,5,1,3,35000,1023031,0,65.15,297000,70011,0,1
good,1,40.1,1,3,2,1,3,35000,2170722,243442,35.88,500000,323500,6,1
good,1,31.1,2,2,1,2,5,30000,815660,155318,60.22,200000,134000,1,1
good,2,31.1,2,2,2,1,5,40000,84320,132014,69.63,120000,173918,0,2
good,1,36.1,2,2,5,2,5,100000,2936745,104846,7.63,500000,207445,0,1
bad,1,38.11,2,2,5,1,2,10000,123723,78882,25.86,170000,90000,1,1
good,2,28.1,1,2,5,1,5,9000,357074,80495,49.9,80000,60000,0,1
good,1,45.11,1,1,5,2,3,20000,53266,18977,35.06,75000,21000,0,2
good,2,38.11,2,2,1,2,5,30000,817021,85577,48.08,150000,198718,1,1
good,2,45.12,2,2,5,2,5,50000,399123,186399,55.79,420000,496700,0,2
good,1,39.12,2,3,5,2,5,12000,928481,52237,12.32,300000,90000,2,1
good,2,53.12,1,3,5,2,3,50000,0,0,39.71,298000,0,0,1
good,2,50.12,2,2,1,2,3,60000,794117,5123,23.28,135000,10000,0,1
good,2,51.13,2,2,3,1,4,30000,1439716,208660,58.64,290000,433000,0,1
good,2,41.12,2,1,3,1,4,20000,1309999,138164,33.09,290000,159000,3,1
good,2,37.12,2,3,5,2,5,20000,1133887,10070,31.54,396000,244160,0,1
bad,2,45.12,2,2,5,2,2,50000,383234,92154,68.69,370000,94000,3,2
good,2,34.12,2,2,5,2,5,60000,507413,195687,58.39,210000,280000,0,1
good,1,34.12,2,3,5,2,5,30000,88196,116863,73.82,120000,126000,6,3
good,2,37.12,2,2,5,2,3,40000,1168232,121440,40.87,434000,455570,1,1
good,1,32.12,2,2,5,2,2,10000,530462,111148,25.35,250000,116000,1,1
good,1,52.13,2,2,5,2,5,80000,890057,0,12.07,500000,83000,7,1
good,1,29.12,2,2,5,1,3,84,1044507,139835,38.5,240000,207000,1,1
good,1,35.12,2,1,1,2,2,50000,85226,15135,20.94,120000,20000,0,3
good,2,36.12,2,2,4,1,3,9000,468284,135350,56.29,100000,153000,0,1
good,2,53.13,2,2,5,2,3,15000,146195,110926,73.86,139000,115000,0,2
good,1,42.13,1,2,5,2,2,100000,1627741,99281,17.37,500000,148000,0,1
good,1,32.13,2,3,5,1,2,21206,494082,46325,30.9,210000,79500,0,1
good,2,36.13,1,2,5,2,3,80000,3215720,252378,30.06,500000,407001,0,1
good,2,48.14,2,2,5,2,5,80000,343959,487690,56.8,350000,628800,4,1
good,2,50.14,2,2,5,2,5,50000,1016816,153398,55.95,295000,457350,0,2
good,2,45.14,2,2,1,2,3,50000,1611576,1680,23.96,172000,63000,0,1
good,1,42.14,1,2,5,2,3,100000,798527,16984,49.24,250000,82000,0,1
good,2,26.13,1,2,4,1,5,7000,105350,138886,74.63,140000,328341,2,2
good,2,35.14,2,2,5,2,2,30000,1123844,173901,57.48,350000,481920,1,2
good,1,29.13,2,2,5,2,3,30000,213141,7239,26.47,290000,278750,0,2
good,1,39.14,2,2,5,1,3,1.2,87334,22745,29.32,120000,28000,0,3
good,1,35.14,2,3,5,1,5,10000,2093935,21558,19.59,350000,74000,0,1
good,2,55.15,2,1,5,2,5,85000,1118630,67661,18.37,200000,80000,0,1
good,1,42.14,2,2,5,2,5,50000,73497,28861,16.83,100000,49000,3,3
good,2,40.14,2,2,1,2,2,20000,752027,68762,33.12,240000,92500,5,3
good,2,40.14,2,2,5,2,2,30000,544255,59277,41.6,135000,175333,1,1
good,1,37.14,2,2,5,2,2,50000,5378261,263530,56.85,500000,1358230,0,1
good,1,42.14,2,3,5,2,2,50000,3437989,60332,17.52,500000,325970,0,1
good,1,45.15,2,2,1,2,3,50000,950361,99620,20.73,260000,150000,0,1
good,1,28.13,2,3,6,2,2,60000,0,0,27.23,150000,0,0,3
good,2,31.14,2,1,2,1,3,30000,488905,58299,74.87,80000,128536,0,1
good,1,31.14,2,2,1,2,2,40000,0,0,34.33,200000,0,0,1
bad,2,45.15,2,2,5,2,2,40000,970962,225082,69.65,180000,301900,3,1
good,1,43.15,2,2,1,2,3,150000,41601,87281,74.77,70000,236541,0,2
good,2,35.15,2,3,3,1,2,20000,553064,14765,14.48,299000,44889,0,3
good,2,44.16,2,3,5,2,5,0,213141,42082,42.22,290000,273960,0,2
good,1,27.15,2,2,5,2,2,50000,607429,94583,35.16,150000,155000,0,1
good,2,36.15,2,3,3,1,5,12000,865406,5100,23.8,200000,134000,0,1
good,2,48.16,2,2,4,1,5,13000,1566728,149077,32.54,480000,195002,0,1
good,2,44.16,2,2,5,2,2,100000,106974,12717,26.4,180000,63000,0,3
good,2,36.19,2,2,5,2,1,50000,985403,39125,32.11,390000,55000,1,1
good,1,33.19,2,2,5,2,3,60000,737816,50169,25.33,337000,353200,0,1
good,2,35.2,2,2,1,2,2,30000,458460,15657,45.8,150000,53000,1,3
bad,1,26.2,2,1,5,2,3,80000,18179,0,32.03,300000,60001,5,1
good,1,47.22,2,1,5,2,2,50000,239237,66647,55.57,158000,69001,0,1
good,2,49.22,2,2,5,2,2,50000,527280,4696,53.52,300000,202981,0,2
good,2,28.2,2,2,3,1,3,75000,1582045,2,19.68,400000,161010,0,1
good,2,25.2,1,2,5,1,5,26000,645667,262494,26.01,120000,386944,0,1
good,1,45.22,1,2,5,2,3,90000,1044032,310385,54.2,500000,310000,0,1
good,1,36.22,2,2,5,2,2,50000,599398,172701,74.97,184000,474407,0,2
good,2,37.22,2,3,5,2,3,35000,1491851,192201,74.96,90000,334555,1,2
good,1,27.21,2,2,2,1,3,15000,514477,150785,51.04,84000,188012,0,1
good,2,29.21,2,1,1,2,3,50000,1443662,249460,74.96,119000,641200,2,1
good,2,45.22,2,1,1,2,2,150000,1861651,421073,37.8,443000,716400,1,1
good,2,40.23,2,2,5,2,2,30000,0,0,53.03,100000,0,0,1
good,2,47.24,2,2,5,2,2,50000,1229583,27110,9.02,100000,142000,0,1
bad,1,45.24,2,3,5,2,2,60000,968799,2063,27.08,250000,90000,3,1
good,1,31.23,2,1,1,2,2,50000,363257,134520,48.6,340000,384150,0,2
good,1,42.24,2,3,5,2,2,40000,0,0,34.44,176000,0,3,1
good,1,38.23,2,2,2,2,3,20000,632050,1430,35.4,112000,142960,0,1
good,1,41.24,2,2,5,2,3,50000,535502,224451,61.73,280000,230000,1,1
good,2,28.23,2,2,5,2,2,40000,281582,136279,29.82,268000,106110,0,2
good,1,42.24,2,2,5,2,2,100000,189718,104239,39.09,320000,160431,0,3
good,1,42.24,2,2,5,2,5,60000,275910,55973,33.01,300000,358970,1,2
good,2,42.24,2,3,1,2,2,60000,1418544,47883,10.93,100000,85250,1,1
good,1,37.24,2,2,5,1,2,88900,0,0,59.99,500000,0,0,1
good,2,42.24,2,2,1,2,5,35000,882530,140520,73.61,83000,271446,0,2
good,1,42.24,2,1,1,2,2,60000,128792,168680,54.99,170000,175000,0,3
good,2,52.25,2,2,4,1,4,50000,975165,8529,20.15,281000,40000,0,1
good,2,27.23,2,2,1,2,3,120000,549017,96503,31.39,170000,118058,0,1
good,2,33.24,2,1,5,2,2,42000,871520,81141,33.25,200000,86000,0,1
good,1,47.25,2,2,1,2,2,90000,1304435,0,28.55,500000,145000,1,1
good,1,51.25,2,1,5,2,3,50000,585486,2278,21.28,198000,93000,0,1
bad,1,26.24,1,1,5,2,3,250000,2615451,18759,14.54,500000,88000,6,1
good,1,42.25,2,2,5,2,5,80000,1491837,195668,30.98,286000,495811,0,1
good,1,39.25,2,2,5,2,5,110000,862133,107359,24.49,500000,148500,0,3
good,2,31.24,1,2,4,1,3,25000,673412,16903,21.6,140000,88500,0,1
good,2,32.25,2,2,5,2,5,25000,195760,20025,23.41,100000,23000,0,3
good,2,43.25,2,3,5,2,3,100000,781062,43475,42.15,171000,299100,0,1
good,1,50.26,1,1,2,2,5,100000,378800,53024,56.29,500000,15200,0,2
good,1,27.25,2,1,5,2,3,101500,2438770,316662,15.48,380000,739000,0,1
good,2,45.26,2,1,5,2,2,100000,294039,189739,74.99,133000,225000,0,3
good,1,38.25,2,1,2,2,3,20000,609291,50151,28.5,100000,99000,0,1
good,2,50.26,2,2,1,2,3,45000,1002428,40573,41.71,200000,70000,0,1
good,2,37.25,2,2,5,1,2,80000,489310,0,20.65,178000,3366,1,1
good,2,46.26,2,2,5,2,2,30000,106658,133842,74.26,120000,253100,0,2
good,1,35.25,2,2,2,1,2,80000,823236,695,14.26,150000,23010,0,1
good,1,34.25,1,2,5,2,3,40000,560148,4830,13.13,100000,6000,8,1
good,1,36.25,2,2,3,1,5,30000,167713,0,20.38,100000,85501,0,1
good,1,44.26,2,2,4,1,3,28500,1798141,274172,70.71,160000,506250,0,1
good,2,36.25,2,2,1,2,5,90000,657204,89485,21.98,290000,253333,0,1
good,2,41.26,2,3,5,2,3,30000,332331,62480,45.67,100000,259600,2,1
good,2,44.26,2,3,5,1,2,47000,751400,44123,36.55,264000,457259,0,1
good,2,30.25,2,2,5,2,5,100000,2186904,143733,27.59,490000,260000,0,1
good,2,39.26,1,3,5,2,5,120000,2124634,268897,54.38,500000,358000,0,1
bad,2,53.28,2,2,1,2,3,70000,387682,0,40.29,200000,288752,0,2
good,1,33.26,2,3,1,2,3,30000,113640,84835,37.18,150000,242875,0,1
good,2,44.27,2,3,5,2,5,30000,715631,109082,69.8,100000,154400,0,1
good,1,44.28,2,2,5,2,2,100000,181824,16611,20.9,240000,121705,0,3
good,2,33.27,2,3,4,1,5,40000,1020039,184468,56,225000,390000,0,1
good,1,49.28,2,2,5,2,2,50000,189400,51979,20.66,250000,236000,0,3
good,1,40.27,1,2,5,2,3,60000,1827537,256477,71.15,300000,322001,0,1
good,2,39.28,2,2,1,2,5,40000,237583,8781,33.94,240000,10000,2,2
good,1,28.27,1,2,5,1,3,20000,369637,32418,22.27,112000,54000,0,1
good,1,38.28,2,3,1,2,3,32000,623458,19660,32.22,179000,95000,0,1
good,2,52.29,2,2,3,2,3,50000,992232,7292,43.77,220000,308610,1,1
good,2,47.28,2,3,2,2,3,150000,3076010,129125,21.21,500000,215000,0,1
good,2,39.29,2,2,2,1,3,20000,357196,36822,32.24,70000,51989,0,1
good,2,37.29,2,1,5,2,5,60000,219704,169307,48.6,290000,290000,4,2
good,2,43.29,2,2,1,2,2,200000,1306973,483412,33.76,500000,533001,0,2
good,1,35.29,2,3,5,1,5,45000,492319,251409,74.95,131000,274000,1,1
good,2,34.29,2,2,5,1,3,24400,312738,199200,74.92,30000,196000,1,1
good,1,31.29,2,1,5,2,5,30000,75760,79189,58.53,100000,117000,0,1
good,1,40.29,2,2,5,1,3,36000,618449,14762,8.6,80000,115492,0,1
good,1,39.29,1,2,5,2,3,44000,733871,205221,67.62,251000,228101,0,1
good,2,27.29,1,2,5,2,2,30000,567749,50941,51.35,160000,113000,0,1
good,2,46.3,2,2,1,2,1,140000,1198778,52825,66.36,220000,199090,0,1
good,1,35.29,1,1,5,2,5,80000,274980,177095,74.84,165000,597000,0,2
good,2,27.29,2,1,5,2,2,55000,586811,53344,23.99,200000,53600,0,1
good,2,49.3,2,2,5,2,2,300000,4550031,2017,7.29,500000,130010,0,1
good,1,31.29,2,3,5,1,3,43000,1100629,132215,21.29,230000,240000,0,1
good,1,48.3,1,1,5,2,5,28000,1083609,245024,72.3,100000,355000,0,1
good,1,44.3,1,2,2,1,2,80000,1669824,59962,29.89,300000,136000,0,1
good,1,43.3,2,3,2,2,1,200000,343903,197155,24.61,440000,1150000,0,3
good,2,31.3,2,2,5,2,5,80000,1398669,86023,29.08,500000,110600,1,2
good,1,34.3,2,3,1,2,5,98000,390798,133538,32.14,500000,348020,0,2
good,1,48.31,2,2,5,2,2,70000,273559,275448,36.31,350000,506049,0,3
good,1,33.3,2,2,1,1,3,17355,276957,113330,44.83,210000,223629,2,3
good,1,34.3,2,2,2,2,3,60000,279437,160961,66.39,300000,199384,0,3
good,2,52.32,1,1,5,1,2,30000,820816,569,13.72,112000,23600,0,1
bad,1,44.31,2,2,5,2,3,100000,2023246,243129,68.1,370000,421201,3,1
good,1,33.3,2,3,1,2,3,20000,254937,2966,19.25,100000,15000,0,1
good,2,54.32,2,1,3,1,3,20000,679794,25439,16.1,112000,92333,0,1
good,2,38.31,2,2,5,2,2,61000,3598984,74263,25.38,228000,183000,0,1
good,2,40.31,2,3,5,2,3,160000,362332,966101,71.2,450000,1013000,0,1
good,2,28.31,2,2,1,2,3,60000,1447401,181403,40.25,300000,241000,0,2
good,1,41.32,1,1,1,2,5,60000,226663,42842,25.62,290000,81001,0,3
bad,1,44.32,1,3,1,2,5,100000,1842910,0,20.9,450000,0,4,1
bad,1,54.33,2,2,5,2,5,80000,698210,66816,43.31,360000,105000,2,3
good,1,34.31,2,1,5,2,3,100000,2703043,499521,53.92,500000,792000,1,1
good,1,48.32,2,3,5,2,5,120000,402591,140185,41.5,500000,1278054,0,3
good,1,44.32,2,2,5,2,2,100000,743714,5154,34.78,244000,58200,0,1
good,2,44.32,2,2,1,2,2,80000,2625056,3460,28.79,150000,126760,0,2
good,2,40.32,2,3,5,1,2,25000,390164,47706,20.6,140000,98000,0,1
good,1,39.32,2,2,5,2,2,150000,64762,51006,49.36,240000,116498,0,3
good,2,29.31,1,2,5,2,2,75000,106858,16103,61.69,396000,264795,0,1
good,2,30.32,2,2,1,2,3,30000,124102,4079,39.99,196000,160580,0,2
good,2,30.32,2,3,1,2,3,50000,366579,1704,28.64,170000,12000,0,1
good,2,33.32,2,2,2,1,3,36000,289684,1914,27.98,200000,48000,0,1
good,2,36.33,1,1,5,2,3,30000,1205940,255757,33.89,150000,418267,0,1
good,1,45.33,2,1,5,2,2,100000,1155633,174062,24.55,500000,650000,1,1
good,1,41.33,2,3,5,2,2,100000,304823,0,18.6,390000,50000,1,3
good,1,47.33,2,2,1,2,2,50000,80518,0,14.49,100000,2000,1,3
good,1,35.33,2,2,1,1,3,25000,461869,14403,27.23,130000,16000,0,1
good,2,37.33,1,3,5,2,5,35000,277372,169780,60.23,180000,466000,0,1
good,1,34.33,2,3,5,2,2,80000,987164,27604,68.4,280000,73000,0,1
good,2,35.33,2,2,4,2,5,100000,1431351,4363,46.03,500000,1095400,0,2
good,1,33.33,2,3,1,2,3,40000,247694,35906,23.32,200000,69500,0,3
good,2,53.34,2,2,5,2,2,90000,2668820,167508,25.02,200000,233007,0,2
good,1,27.33,1,3,5,2,3,22000,627227,201291,51.23,82000,327820,1,1
good,2,29.33,1,1,5,1,2,160000,1443412,0,20.65,472000,100534,0,1
good,1,39.34,2,2,5,2,3,65000,422979,61801,22.49,300000,160000,0,3
good,2,30.33,2,2,3,2,4,80000,940749,98765,42.35,299000,435133,2,2
good,2,39.34,2,2,5,2,3,100000,422798,585396,72.68,500000,898000,0,1
good,2,27.34,2,1,5,1,3,40000,777120,21106,24.57,200000,62400,1,1
good,2,29.34,2,2,1,2,2,70000,362265,18864,18.77,80000,40900,0,1
good,1,51.35,2,2,5,2,2,50000,180573,121296,46.16,150000,171000,0,3
good,1,45.35,2,2,5,2,2,200000,1599533,168175,39.95,441000,342000,0,1
good,1,36.35,2,2,4,2,5,60000,771059,48884,44.59,180000,73500,4,1
good,1,39.35,2,3,5,2,5,24000,21774,98900,70.58,120000,143007,0,3
good,2,52.36,2,3,5,2,3,100000,48992,30052,68.66,270000,50010,0,1
good,2,31.35,2,3,2,1,3,30000,64159,171024,75,84000,232400,0,3
good,2,30.34,2,3,1,2,3,37392,647275,3956,37.35,150000,5000,0,1
good,2,33.35,2,2,2,1,3,30000,599804,9630,15.47,100000,30000,1,1
good,2,27.35,1,2,5,2,2,150000,1799248,3080,17.48,500000,71000,0,1
good,2,46.36,2,3,1,2,3,48000,43548,0,46.56,240000,1000,0,3
good,2,43.36,2,2,1,2,2,97000,1685167,107054,72.25,480000,133000,1,3
good,1,38.35,2,2,2,1,3,60000,381901,134344,36.62,500000,154000,1,4
good,2,43.36,2,2,5,2,3,80000,275581,0,27.23,300000,0,0,2
good,2,37.35,2,3,5,2,3,50000,1088624,619359,33.5,148000,37000,0,1
good,1,47.36,1,2,1,2,3,60000,906660,44095,28.5,250000,77000,0,3
good,2,31.36,2,3,5,2,5,75000,665673,143843,57.02,120000,294001,0,1
good,1,34.36,2,2,1,2,5,60000,220527,83220,47.25,200000,327000,0,1
good,2,54.38,1,1,1,2,3,30000,117240,0,18.84,150000,14000,0,3
good,2,45.37,2,3,5,2,5,40000,484477,303,18.84,200000,39000,0,3
good,2,30.36,1,3,2,1,5,55640,2360344,732315,74.94,150000,1503400,0,1
good,2,48.38,2,3,5,2,2,60000,594631,21329,33.11,100000,191610,2,1
good,1,46.37,2,2,2,1,3,22000,76380,2200,16.22,100000,51000,0,3
good,1,48.38,2,2,5,2,3,60000,189952,107868,30.66,300000,269800,0,3
bad,1,44.38,2,2,5,2,3,50000,577409,179798,72.5,220000,87000,3,1
good,1,45.38,2,1,2,1,2,96000,372877,139561,33.4,480000,152001,0,3
good,2,37.37,2,2,5,1,3,90000,2136346,5915,22.85,500000,135001,3,1
good,2,42.37,2,1,5,2,2,50000,125837,135898,74.96,161000,144000,0,2
good,1,31.37,2,3,5,2,2,90000,1773376,10929,21.67,500000,90604,0,1
good,2,31.37,1,2,1,2,5,40000,1859515,65607,28.29,200000,114000,0,1
good,2,44.38,2,2,5,1,2,21000,566426,41966,19.25,100000,148500,0,1
good,2,44.38,2,2,5,2,2,45000,874748,224217,63,160000,232001,0,1
good,1,43.38,2,2,5,2,2,24000,93792,83678,54.77,120000,80200,0,3
good,1,34.37,1,2,5,1,5,37760,1085669,49619,16.19,150000,56000,0,1
good,2,42.38,2,3,5,1,2,46500,180224,34300,19.9,232000,310848,0,3
good,1,34.37,2,2,2,1,3,50000,1632832,54005,26.55,281000,204601,0,1
good,2,46.38,2,3,1,2,5,150000,1634479,327565,23.39,300000,141001,0,3
good,2,39.38,2,2,3,1,3,15000,495453,2560,27.12,84000,202000,0,1
good,1,32.37,2,2,2,1,3,98096,1435119,307133,43.51,320000,482228,0,1
good,2,36.38,2,3,3,1,3,30000,80077,38699,19.04,100000,40000,5,1
good,1,41.39,2,2,2,1,3,80000,1243372,98256,17.98,100000,247200,1,1
good,1,39.39,1,1,1,2,5,150000,2126724,116910,69.18,500000,674401,0,1
good,2,35.38,2,2,2,2,3,61000,886116,132015,18.41,300000,316893,0,3
good,2,38.39,2,3,1,2,3,40000,729397,50708,38.11,150000,119001,0,1
good,2,44.39,2,2,5,2,5,100000,192892,19464,22.34,240000,50000,2,3
good,1,45.39,2,2,5,2,3,80000,165338,238466,73.06,200000,483000,0,3
good,1,43.39,2,2,5,2,2,80000,60279,283346,74.97,75000,395000,0,3
good,1,33.38,2,2,5,1,2,50000,160154,70809,21.97,200000,89500,2,2
good,1,30.38,2,3,5,2,2,50000,64625,38132,61.08,240000,80000,0,3
good,1,28.38,1,2,1,1,3,26000,218330,145387,40.54,195000,284562,0,2
good,1,45.39,1,2,2,2,5,88000,905106,29346,17,200000,67000,0,1
good,2,31.39,2,2,1,2,2,80000,96446,3671,26.92,120000,23000,0,2
good,1,40.39,2,2,5,1,3,50000,239431,83564,31.9,299000,155667,0,2
good,2,45.39,2,3,5,2,2,200000,458334,0,20.98,224000,22500,1,1
good,1,28.38,2,2,4,1,4,30000,583535,5700,13.61,110000,87000,0,1
good,1,40.39,2,3,1,2,3,80000,160744,27443,18.6,200000,30000,0,3
good,2,35.39,2,3,5,2,5,50000,768692,155317,51.3,100000,253000,0,1
good,2,52.4,2,2,5,2,3,58000,979493,26126,22.32,200000,70000,0,1
good,1,40.39,2,2,5,2,2,40000,1011642,95304,50.35,220000,115000,0,1
good,1,32.39,2,3,5,2,5,20000,234370,27812,21.42,100000,76500,0,1
bad,1,40.4,2,2,1,2,3,100000,736240,90021,34.83,500000,156192,1,1
good,2,44.41,2,1,5,2,5,97048,2001619,118464,28.58,500000,224375,2,1
good,1,46.41,1,2,3,1,4,73600,1453830,234,24.7,410000,248001,0,1
good,2,47.41,2,2,5,2,2,46000,377619,87138,74.67,250000,90000,0,1
good,2,37.4,2,2,5,1,5,25000,240364,38330,24.73,80000,206909,0,1
good,1,43.41,2,3,2,2,5,100000,2384048,103437,27.08,500000,220000,0,1
good,1,45.41,1,2,4,1,5,60000,688015,55178,41.62,300000,267501,0,1
good,2,25.39,1,2,1,2,5,22000,135991,25545,31.7,160000,28000,4,2
bad,2,46.41,1,2,2,2,5,104000,2214059,613012,50.47,500000,318388,5,1
good,2,38.4,2,2,5,2,3,50000,85546,17794,20.42,100000,35000,0,1
good,1,27.4,2,2,1,1,2,20000,421675,65888,18.92,90000,81500,0,1
good,1,39.41,2,2,1,2,3,35000,96446,37861,41.27,120000,83000,0,3
good,2,28.4,1,3,5,1,3,28000,784403,131150,74,100000,187200,0,1
good,1,44.41,2,2,2,2,3,20000,647479,13995,21.3,112000,29000,0,1
good,2,35.4,2,2,1,2,4,70000,341116,23351,21.52,300000,65000,1,1
good,1,32.4,1,2,5,2,3,40000,160744,11186,20.08,200000,40000,0,2
good,2,46.41,2,1,5,2,5,90000,938467,153511,25.45,500000,455000,0,1
good,2,38.41,2,2,5,2,5,30000,176010,27602,30.87,195000,37500,1,2
good,1,36.41,2,2,5,1,5,21000,65947,5331,19.4,80000,21000,0,3
good,2,31.41,1,3,5,2,2,60000,1634723,149660,74.99,224000,154000,0,1
good,1,46.42,2,2,5,2,2,50000,220372,83198,44.72,100000,299889,0,3
good,1,29.41,2,2,5,2,3,70000,635012,22570,48.65,350000,181000,0,3
good,2,25.4,1,2,5,1,3,35000,718027,89,20.25,190000,60000,0,1
good,1,38.41,2,2,1,2,3,50000,239271,120782,57.59,200000,263500,0,3
good,2,53.42,2,2,1,2,2,50000,80372,167604,55.1,100000,306500,0,3
good,2,27.41,1,2,5,2,2,45104,495052,239493,67.87,250000,280000,3,1
good,1,41.42,1,1,1,2,3,30000,329101,235778,70.96,150000,385475,0,1
good,2,30.41,2,2,5,2,3,55000,932170,0,27.18,400000,51001,2,1
good,2,40.42,2,2,5,2,3,7000,663082,85043,46.98,130000,212511,0,1
good,1,33.42,2,3,5,2,5,60000,0,0,35.17,300000,0,0,1
good,2,43.43,2,1,5,2,5,70000,1336675,60128,27.29,339000,253861,0,1
good,2,47.43,2,2,5,2,3,55000,440744,0,30.99,200000,0,0,2
good,2,41.43,2,2,1,2,3,70000,802977,0,20.11,150000,0,0,1
good,1,30.42,2,2,5,2,2,42000,1095054,22989,20.48,230000,66000,0,1
good,2,46.43,2,3,5,2,2,23000,636127,670,42.54,127000,30000,0,1
good,2,34.42,2,2,4,1,4,150000,2361295,624675,52.45,500000,984000,0,3
good,1,29.42,2,2,5,2,3,20000,299137,21315,21.44,100000,40255,0,2
good,1,40.43,2,3,5,2,2,58000,1284795,48555,24,299000,80000,0,1
good,2,33.43,2,2,5,2,2,40000,690937,93903,22.82,180000,84000,0,1
good,1,34.43,2,3,5,2,4,80000,853490,28409,18.53,230000,90000,0,1
good,1,41.43,2,2,1,2,3,50000,1010930,47824,52.76,250000,95000,0,3
good,1,33.43,2,3,2,2,3,20000,100172,22058,22.08,100000,113635,1,3
good,2,40.43,2,2,5,2,2,100000,380243,71444,35.36,298000,204000,0,1
good,2,34.44,2,2,1,1,2,20695,591470,72566,27.59,245000,426720,0,1
good,1,27.43,1,1,5,1,5,28000,258244,71178,26.21,100000,419706,0,1
good,2,37.44,1,2,5,2,3,100000,2400101,571119,32.03,290000,734000,0,1
good,1,44.44,1,2,5,1,3,36264,856625,0,20.27,200000,20000,0,1
good,1,42.44,1,1,1,1,5,30000,1009704,154803,34.51,150000,211000,0,1
good,1,51.45,2,2,5,2,3,100000,0,0,39.11,220000,0,0,3
good,2,29.43,2,3,5,2,3,85000,1124674,0,21.55,450000,10000,0,1
good,2,38.44,2,2,5,2,3,60000,636451,277615,57.11,210000,330500,0,1
good,2,53.45,2,1,5,1,5,25000,399336,19321,14.38,93000,106090,0,1
good,2,32.44,2,2,5,1,5,80000,188181,148665,51.27,235000,694312,0,1
good,2,33.44,2,2,1,2,3,30000,487509,396,13.93,93000,12000,0,1
bad,2,46.45,2,3,1,2,3,30000,1560241,39171,55.99,168000,103000,4,1
good,1,29.44,2,3,5,1,5,50000,240231,169461,64.47,300000,51200,1,2
good,1,26.44,1,2,5,1,5,25000,654936,87812,37.53,130000,245760,0,1
good,1,46.45,2,3,5,1,3,50000,536871,2625,15.61,187000,38000,1,1
good,1,31.44,1,3,5,1,3,42360,685660,13356,16.61,100000,31000,0,1
good,2,33.44,2,3,5,2,3,26000,989344,175931,74.96,134000,196500,0,1
good,2,25.44,1,2,1,1,2,40000,703670,52773,22.03,220000,101000,0,1
good,1,31.44,2,2,5,2,5,100000,2139220,245710,39.32,500000,491000,0,1
good,2,28.44,2,1,4,1,4,37500,682324,8924,15.55,150000,51000,0,1
good,2,46.45,2,1,5,2,5,210000,6113802,331374,62.79,500000,440001,0,1
good,1,27.44,1,2,5,1,3,20000,459881,146838,33.52,100000,380320,0,1
good,1,43.45,1,3,5,2,3,28000,281775,17424,28.4,150000,37200,0,1
good,2,35.45,2,3,1,2,2,50000,1406611,79799,72.42,100000,177000,1,3
good,1,44.45,2,2,2,2,2,150000,2949859,154010,24.3,500000,161000,0,1
good,1,29.45,2,3,5,2,5,40000,843173,25738,21.72,180000,95643,0,1
good,2,43.46,2,2,5,1,5,60000,563492,50614,46.94,200000,730090,0,2
good,1,52.47,2,2,5,2,2,80000,154437,1584,25.8,230000,23000,0,3
good,2,30.45,1,2,2,1,4,19000,164474,104232,20.79,100000,119500,0,1
good,2,52.47,2,2,2,2,2,40000,165405,36356,26.36,200000,186014,2,3
good,2,53.47,2,1,5,2,5,80000,1300813,42461,73.84,300000,170000,0,2
good,2,40.47,2,2,5,2,5,80000,606757,72562,20.72,250000,110000,0,2
good,1,33.46,1,2,5,1,2,35000,890576,121816,71.47,180000,201000,0,1
good,2,54.47,2,2,2,2,1,35000,400024,11103,20.29,150000,120000,0,1
good,1,32.46,2,2,5,1,5,65000,376902,36044,20.02,300000,80011,0,3
good,2,36.47,2,1,5,2,5,60816,989826,469235,59.89,228000,571844,0,1
good,1,40.47,2,2,1,2,2,30000,82743,49853,54.39,100000,50000,0,3
good,1,50.47,2,2,2,1,2,24000,168921,0,18.38,120000,12000,0,3
good,1,34.46,2,1,2,1,3,29000,568724,28784,18.41,100000,93000,0,1
good,1,44.47,2,2,2,1,2,43000,716773,21646,20.94,240000,38333,0,1
good,1,43.47,2,2,1,2,3,24000,99243,22237,23.42,120000,59933,0,3
good,2,45.47,2,2,5,2,4,18000,68643,11385,27.97,83000,212091,0,3
good,1,25.46,2,1,5,1,2,50000,607280,76690,53.18,140000,84500,0,1
good,1,37.47,2,2,1,2,3,28000,82703,22649,24.22,100000,83000,0,1
good,1,33.47,2,2,5,2,5,88800,1933185,109284,64.5,499000,385000,0,1
good,1,28.46,2,2,1,2,2,50000,215697,204621,74.93,155000,246400,0,2
good,2,29.46,2,2,5,2,5,100000,165405,50997,13.99,200000,398800,0,2
good,2,45.47,1,2,3,1,3,37000,785601,86666,48.6,200000,237742,0,1
good,1,34.47,2,3,5,2,3,40000,240796,50138,26.58,60000,95000,0,1
good,1,26.46,2,2,4,1,4,30000,202216,18810,66.97,185000,201618,0,2
bad,2,33.47,2,2,5,2,5,50000,264496,76910,55.3,200000,283990,5,2
good,2,41.48,2,2,5,2,2,95000,1591907,0,38.09,500000,232600,0,1
good,1,27.47,2,2,5,1,2,90000,372916,16690,23.08,440000,20600,0,1
good,1,29.47,2,3,5,2,5,150000,774959,32982,20.87,300000,196000,0,1
good,1,29.47,2,2,2,1,3,20000,482410,34133,56.68,70000,151300,0,1
good,2,33.47,2,2,4,1,3,20000,314055,74799,60.97,100000,123000,0,1
good,1,31.48,2,2,5,1,5,45000,469301,7038,33.35,200000,261240,0,2
good,2,38.48,2,3,1,2,3,100000,1885882,239600,41.28,375000,245201,0,1
good,2,49.49,2,2,1,2,3,80000,106457,15800,36.66,299000,3000,0,2
good,1,34.48,1,1,2,2,5,150000,439773,68893,19.94,500000,101000,0,3
good,1,36.48,2,2,1,2,3,50000,89011,2380,46.44,250000,70000,0,3
good,2,33.48,2,2,5,2,2,100000,1079465,55779,69.6,270000,215880,0,3
good,2,47.49,2,2,1,2,3,50000,875586,23323,22.38,187000,34000,0,1
good,2,48.49,2,2,5,1,2,60000,1057648,38639,48.16,300000,118000,0,1
good,1,30.48,2,2,2,1,3,11000,117011,56161,55.09,80000,100000,0,4
good,1,42.48,2,2,1,2,3,60000,474864,3651,52.69,300000,55900,0,2
good,1,33.48,2,2,5,2,3,86000,1182665,0,29.08,480000,0,0,1
good,1,56.5,2,2,2,1,3,60000,83764,190071,44.31,100000,280000,0,3
good,1,28.48,2,2,1,2,5,30000,669225,56898,59.34,150000,135000,0,1
good,2,44.49,2,2,5,2,2,150000,1473586,5832,18.98,500000,42500,0,1
good,2,47.49,2,3,5,1,4,100000,1098643,111843,37.01,300000,736805,2,1
good,1,36.48,2,1,2,1,4,84000,513551,32439,28.06,420000,296667,0,3
good,1,36.48,1,2,1,2,3,80000,362814,75376,14.81,100000,120000,0,3
good,1,34.48,2,2,2,1,2,40000,164868,62822,30.54,200000,167500,0,1
good,2,31.48,2,2,1,2,3,20000,238901,91636,66.11,95000,137800,0,1
good,1,38.49,2,2,5,1,3,60000,742899,37371,60.31,207000,45000,0,1
good,2,42.49,2,2,5,1,2,100000,698342,434377,64.83,470000,813970,1,1
good,1,42.49,2,2,5,2,3,100000,248108,7824,14.32,300000,85000,0,3
good,1,33.48,2,2,2,1,3,30000,389146,132427,63.69,160000,274001,0,1
good,2,47.5,2,2,5,1,2,30000,580228,25500,21.81,147000,100000,0,1
good,2,29.5,2,3,5,2,3,50000,753012,79878,23.71,50000,203000,0,1
good,2,31.5,2,3,4,1,3,18000,1167425,128735,51.77,100000,130000,0,1
good,1,33.5,2,3,5,2,2,40000,556798,18374,21.01,193000,50000,0,1
good,2,46.51,2,2,5,2,4,100000,1698623,136305,20.94,500000,221001,0,1
good,2,32.5,2,2,1,2,3,45000,196640,113262,28.92,250000,130000,1,1
good,1,55.52,2,2,1,2,3,50000,407451,0,13.89,140000,0,0,1
good,2,47.51,2,2,5,1,2,40000,492478,150699,70.91,120000,279866,0,1
good,1,38.5,2,2,5,2,2,80000,1756400,43461,21.68,450000,191896,0,1
good,1,44.51,2,2,1,2,3,70000,1894717,125840,35.03,300000,346300,0,1
good,1,36.51,2,2,4,1,3,70000,245665,23940,18.16,300000,111642,0,1
good,1,26.51,2,2,3,1,3,25000,596103,0,20.58,140000,22000,0,1
good,1,45.52,2,2,2,1,3,10000,69792,27498,50.81,100000,35000,0,4
good,2,28.51,1,1,2,1,3,31000,823592,10719,17.93,170000,63574,0,1
good,1,35.52,2,3,5,2,4,100000,1455255,278609,23.88,375000,1060000,0,1
good,2,34.52,2,3,5,2,5,36000,2062074,248794,74.63,175000,566000,1,3
